Mixture,B cells naive,B cells memory,Plasma cells,T cells CD8,T cells CD4 naive,T cells CD4 memory resting,T cells CD4 memory activated,T cells follicular helper,T cells regulatory (Tregs),T cells gamma delta,NK cells resting,NK cells activated,Monocytes,Macrophages M0,Macrophages M1,Macrophages M2,Dendritic cells resting,Dendritic cells activated,Mast cells resting,Mast cells activated,Eosinophils,Neutrophils,P-value,Correlation,RMSE,Absolute score (sig.score)
Sample100,0,0.0336262997574414,0.0749978737465768,0.636037027494549,0,0.0297891624520633,0.454557355159378,0.321196021085221,0.0114783124658978,0.0435059495889198,0,0.129598339350867,0.066976309875152,0.101173277659323,0.142690130086495,0.546675742902526,0.00804146819244645,0,0.0523416411484954,0,0,0,0,0.802577974484524,0.69473770729152,2.65268491096535
Sample106,0.0100897009118987,0.00899198882628839,0.0240818182694485,0.0567723585712285,0,0.0434369422971541,0.0526262258910244,0.0533618413692585,0,0,0.0275090241608045,0,0.00149434854381816,0.410796670274663,0.0358288139455969,0.235294303124104,0,0,0.0560880346930283,0,0.0242140699536341,0,0,0.84790282538904,0.59941465559714,1.04058614083195
Sample107,0.0118126302262945,0.0135759134707369,0.00316099118740721,0.0250342603309422,0,0.0522301937893815,0.0699580786332157,0.0224054835307025,0.035299457316996,0,0.0690322836729554,0,0.0221473450182312,0.0104166930170228,0.00800819733228275,0.0964763065663911,0.0110520907606905,0.010907755179574,0.0377695133660561,0.0114616917043917,0,0.00547202212149565,0.17,0.120871017963605,1.03190629412267,0.516220907224768
Sample108,0.00531207547454871,0,0.00446914082991562,0.0474907019908529,0,0.0834544683309805,0.0796863850699636,0.0588564387539254,0.0311513774844881,0,0.0365354987062727,0,0.0201999113977565,0.00831138855275274,0.013312532079147,0.105242912519531,0.013061461085945,0.00940144990284066,0,0.0474114528885293,0.0129734590021779,0.00451010934389515,0,0.332226202751415,0.946138293884906,0.581380763413523
Sample10,0.0340431129153963,0,0.0271165034967423,0.0701236423402775,0,0.219222651433692,0.0585169468993222,0.0222027839783771,0,0,0.0407868421396519,0.00810275347773514,0.0480294224536404,0.0650450695580223,0.0293966769309417,0.288327581689015,0,0,0.046309081847462,0.0122852023538499,0,0,0,0.607077004000323,0.815229935200734,0.969508271514126
Sample112,0.0142422794971928,0.0189224705911987,0.0223358305617104,0.128081760744981,0,0.306570241342197,0,0.110681504252192,0,0,0.0707258948544242,0.0160258428684072,0.026259523661365,0.0154086129337306,0.0653343213518895,0.153236653420385,0.0178581285734546,0,0.0813698171733457,0,0,0,0,0.712285620734075,0.742201397361393,1.04705288182647
Sample116,0.0269434787787217,0,0.00134783963346409,0.00937528308384407,0.0156270642588025,0.0895742502804635,0.0791524803174614,0.0229244550054917,0,0,0.0659576360193723,0,0.0515643222719575,0.0854235675700575,0.0427412863763052,0.277020067013326,0.00458357596089916,0,0.123466754978302,0,0.00419765747201328,0,0,0.547348273300834,0.845425836273963,0.899899719020482
Sample117,0.00361908877421367,0.0089849762702234,0.00954308364959754,0.116097502895553,0,0.123574146337542,0.0556018264850518,0.0520736783945575,0.0260866720863574,0,0.00918222100699483,0.00442785906372016,0.00378070326150484,0.109394964410771,0.0160550777129748,0.77482430370922,0.00140883388644717,0,0.141649179758235,0,0,0.00411661780876071,0,0.666806416879145,0.763088354653564,1.46042073551172
Sample11,0.0133453382007151,0,0.0201237542117238,0.0663211270959767,0,0.0765254360638028,0.103113311854566,0.034968465811539,0,0,0.0491322495603405,0,0.0445310491245024,0.125371602592927,0.031772561053388,0.249806920366707,0.00584445377124199,0,0.0304359628356082,0,0.0154182045890897,0,0,0.48110331201438,0.877452517133942,0.866710437132128
Sample121,0.0516299334821634,0,0.0244732897097535,0.205713801080082,0,0.25250211499852,0.0409699962912088,0.0700740871980669,0,0,0.0577408373061449,0.0492998683517599,0.0300989223614333,0.0801877520316032,0.0659701710021959,0.303328934637054,0,0,0.0379083550618834,0,0.00142104722378048,0,0,0.578306727850334,0.824506599910045,1.27131911073565
Sample125,0.050345698224663,0.00395769059534617,0.142089972201927,0.823225023007781,0,0,0.23874808362267,0.369125488339895,0.0138140149755258,0.117372513164466,0.107758328303761,0,0,0.11650718201905,0.09962138362875,0.3668636487794,0,0,0.0136885841949049,0,0,0,0,0.827978659742152,0.651386992515782,2.46311761105814
Sample126,0.00561208142315279,0.00147379732246713,0.0128018620427977,0.191976194840559,0,0.207639943810552,0.0941302256691697,0.0591944662190865,0,0,0.0344782046895055,0,0.0408368708049044,0.0313717451028126,0.0943201319517132,0.317744732011198,0.0112578241587775,0,0.0406511220000363,0,0.011426650902128,0,0,0.694399605655944,0.762282426033768,1.15491585294886
Sample127,0,0,0.0182651076870831,0.0282956406472618,0.0094456582623503,0.302617275633702,0,0.0056747833888575,0.00120077386160542,0,0.10694082702493,0.00488794968304305,0.0218892721936082,0.0557960340456759,0.00793811689581483,0.219145616833165,0,0.0199813274910382,0.0622163786650907,0.0848324725985387,0,0.00010492875581218,0,0.48190684973158,0.875921959194688,0.949232163667576
Sample130,0.0181253404637003,0,0.0451559546284971,0.223569794260362,0,0.202666839632022,0.049011809532039,0.060135422821064,0,0,0.0427792338505915,0.03467563634588,0.0368786300175763,0.0873859201886744,0.0527403182307831,0.323201742473841,0,0,0.0162488159987287,0,0.0295440860890864,0.00249603097847158,0,0.535585186378899,0.848362549415178,1.22461557551132
Sample131,0.00802397203350166,0.00489961058248433,0,0.0337687072024012,0,0.196054236419672,0.0323223705529166,0.0100484021358527,0,0,0.0775893173712136,0,0.076053556333038,0.113201470764214,0,0.741332752728714,0.00182443657238535,0.0322219666367564,0.00805428482570059,0,0.0150481628278031,0,0,0.534544029290294,0.84468797719529,1.35044324698665
Sample132,0.107729713117529,0.0615532174307166,0.0659432152966191,0.180899516217063,0,0.34209037426019,0.028656043822006,0.104960688784074,0,0,0.000687156782412553,0.0232741621890109,0.0505712780779094,0.128264880985166,0.0606829005199285,0.402962947728523,0,0.00566104424649467,0.100059151646618,0,0.000312436240544314,0,0,0.829719579842744,0.693807444349277,1.6643087273448
Sample133,0.0110715097609972,0.0124880537020525,0.0236989300166289,0.0689711842895858,0,0.137523020382385,0.129140713636502,0.0563409427589781,0,0,0.0376126355957476,0,0.00703680130307922,0.125233118901962,0.0369570784596777,0.311449221331148,0.0221023234423339,0,0.103844577426134,0,0.0193730973241926,0.0195668516762431,0,0.533079731727096,0.854323420453288,1.12241006000765
Sample134,0.0296548421092009,0.0395799951712645,0.0534205878654692,0.140519268005325,0.0114894826676195,0.358747825126999,0.0895221504837905,0.061087714684767,0,0,0,0,0.0700350328320171,0.0101357010708982,0.0567564567910769,0.248856572112554,0,0.013057996507343,0.0715324562093383,0.0636860634464021,0,0.00980908554590138,0,0.798539135844349,0.712477730391746,1.32789123062997
Sample135,0.0062466365539025,0.0458700826712605,0.00535388005066206,0.0210919824733019,0,0.149992112277658,0.0963530665179657,0.0369852318631686,0,0.0315533967928366,0.0665292476464739,0,0.00934477681015396,0.0527566342046646,0.0205706634641151,0.338443158743642,0.0147350308786399,0.000307662049459291,0.0653111592799876,0,0.031324542606591,0.00165080143886528,0,0.526450751372369,0.856889383260318,0.994420066323348
Sample137,0.0481555190642901,0.0415360699602594,0.118466979018375,0.258518055332229,0,0.388035042867917,0.109060384689619,0.130366455805975,0,0.0595801533411157,0,0.00143453236241795,0.00467508733854321,0.215066768882234,0.206315344720016,0.548585063286141,0,0,0.0166358335788227,0,0,0,0,0.781521484492398,0.708219039527604,2.14643129024795
Sample13,0.0174338100821856,0,0.0135010239671075,0.0401437901033683,0,0.0939010948615008,0.0212582510699268,0.0281422754998726,0,0,0.0203381032300059,0.00293505849716123,0.0430839600485386,0.14539705907948,0.0187614401308312,0.188909533996574,0.00198614020617787,0.000675199773821679,0,0.0319562500425283,0.0422779631241101,0.00193382892235072,0,0.595335644174304,0.812666863181382,0.712634782635541
Sample140,0.0568671769732787,0,0.00727169641260248,0.0527055864099052,0,0.018252092599156,0.0326645056811333,0.054526524362219,0,0.0336671334009536,0.00389792471777372,0,0.0168425559119133,0.0677203701721297,0.00449807447679876,0.346609248299129,0.00426049825064658,0.00558516645515985,0.0388590650355015,0,0.0196050120772469,0,0,0.337089103650433,0.950048055070688,0.763832631235547
Sample141,0.00895419848776156,0,0.00546729228417034,0.0344997684353813,0,0.0825588392502374,0.0308019767269692,0.0154511751870703,0,0,0.0389830416882377,0,0.000598923859287789,0.26088328052149,0.00308928277292715,0.105364457837815,0,0.0155295962072702,0.0327279431374508,0.00209017695911183,0.0156442227565945,0,0,0.500988441591339,0.866748839013286,0.652644176111775
Sample142,0.035238716581758,0,0.0083452504368438,0.0547829677947891,0.0558084236970608,0.0361039516883025,0.0539244964300538,0.101639320097778,0.0114470675721798,0.17682173430126,0,0,0.0741844008847797,0.045598176016757,0.0141800209369731,0.64760807741111,0.0138857774769926,0,0.0892715954320463,0,0.00943143811290022,0.00563334037662727,0,0.494446992902107,0.869124263504159,1.43390475524821
Sample143,0.0503775592651857,0,0.00884598070827155,0.0574637946389494,0,0.0954459526507775,0.0500108874183242,0.0576298282292026,0.0802212704500803,0.0319150760702839,0.086836009054766,0,0.0390072955705667,0.024482496913944,0.0405175087220252,0.2502539362314,0.0200515005276085,0.0266869331599977,0.0759791145100323,0.0261581602834956,0.0487916027725594,0.0141581120824399,0,0.252707217009834,0.977137009517112,1.08483301925991
Sample144,0.00690410435772505,0.00932661790791533,0.00201267328017801,0.0982747986994099,0,0.125684886792905,0.118015637899699,0,0,0,0.0696649575558224,0,0.0619078131260983,0.0287601421470298,0.0108519864492462,0.404524415257367,0.00581227680675581,0.00445771300839696,0.0631714037511307,0,0,0,0,0.360350684666216,0.935525817366632,1.00936942703968
Sample145,0.0035288750265804,0.00360054032126759,0.00874102436803744,0.188039005346701,0,0.0974122629629863,0.0306753959150956,0.0343338804131829,0.0426835109931943,0.0225077656431978,0,0.00539363602376612,0.0305694888347393,0,0.0186061169125708,0.559717744117048,0.144251237535717,0.00344428776743811,0.102806712005774,0,0.0351860962114236,0,0,0.587334723830272,0.820907006443088,1.33149758039872
Sample146,0.00988717031142908,0.0102802244349237,0.0065854913711658,0.0524298750873168,0,0.130771459073303,0.0418513520334801,0.0378276863370058,0,0,0.0432895143011968,0.000729802071228955,0.0423612877764848,0.250719154166978,0.0222350055320679,0.255424929199989,0,0,0.0428574112326542,0,0,0,0,0.729186140701958,0.721547664745756,0.947250362929223
Sample147,0.0131194743423737,0,0.00492810660556027,0.0320998539638327,0,0.0833860523541164,0.0573165912530545,0.0312889255558191,0,0,0.0574756323952343,0,0.0215439512225504,0.0893825515367628,0.0143014190030919,0.173836516136488,0,0.0224309547147877,0.0380657878548181,0.0050717305232793,0.0142617795905522,0,0,0.344333326114282,0.941748148818836,0.658509327052321
Sample148,0,0.0254897465139377,0.00719709324091491,0.0488706199783447,0.00155798667493627,0.0298889812461758,0.0122017035473039,0.019011802239555,0,0.0158281097787807,0.0175323834392211,0,0.0289780954743461,0.17461291077565,0.0102629351214435,0.350334670632205,0.0161345904280751,0,0.104832165681391,0,0.0292730739482979,0,0,0.552954655968074,0.833836973761903,0.892006868720578
Sample149,0.0580781539205911,0.0966267669869052,0.0154356411486406,0.233661463355405,0.00031269330960159,0.319997395925186,0.0684637681108732,0.0198050618584493,0,0.0411488330568789,0,0,0.196953291769151,0.0926175952780171,0.0612694565363811,0.686981374735928,0.00926556183445572,0.0112618072051772,0.0228440188833957,0.017735490961593,0.0102702944752724,0.00985772793905206,0,0.818467999697427,0.686407039983767,1.97258639729095
Sample14,0.0186856228330488,0.0057099508757288,0.0139184075466218,0.127997127470416,0,0.218467669905558,0.0902966674338831,0.0314054942964128,0,0,0,0.0189422788950967,0.154864440645458,0.109114273287848,0.040997251015118,0.412157933800863,0.0190776198785792,0,0.0713592741543059,0,0.0331767650582288,0,0,0.617474802322508,0.808189497825218,1.36617077709717
Sample150,0.0308621072731444,0,0.0268493800552538,0.0640283218986229,0,0.249762648102039,0.0494526154394333,0.0371106174457928,0,0,0.0184062458509599,0,0.0134761705601969,0.0281457312113257,0.0174252085393744,0.290219117588603,0.0145345092051909,0.00636629950809533,0.0290577602697804,0,0.0244537086260591,0,0,0.460994507110188,0.887394640412758,0.900150441573871
Sample154,0.0126810568990012,0.0302298282932554,0.0100381879558046,0,0,0.13293711508253,0.0137926546281486,0.00931635550752436,0.000189151618079715,0,0.0761896977584124,0,0.021580489764896,0.00440010832557516,0.00437964155290788,0.224713414838118,0.00480094731192383,0.00210922573207754,0.498474713870013,0,0,0.00114167087019033,0,0.68727398296827,0.735075368628136,1.04697426000846
Sample155,0.0149010184516105,0,0.00338968696591992,0.00016668078398817,0.00538303293738751,0.0942582995531912,0.000485937884755833,0.0562721761935856,0.00216582894696584,0.00902996206129663,0.00718769887076205,0.0230477356728336,0,0.300410756813738,0.0358502867937617,0.24971401019641,0.00743259797353024,0,0.0537733047137144,0,0.0145635041317611,0,0,0.722324757595456,0.709820085252209,0.878032518945212
Sample156,0.0420203177007424,0,0.00477453055574006,0.00322046772131346,0.00471710587102458,0.0378655487703094,0.0640145609881099,0.00833863865072607,0,0,0.0327044786192419,0,0.0163706043214814,0.326493067447372,0.00146989518647328,0.322833989076407,0,0,0.0771808972635972,0,0,0.00463531914839785,0,0.719510455566205,0.70798934165516,0.946639421320937
Sample158,0.0191747096796854,0.00079290361797678,0.0262844753763448,0.0695331671596597,0,0.171905123485525,0.0680872401048325,0.0566095376681921,0,0,0.0350839217207766,0.0279510292663625,0.0263229533062244,0.144782083039537,0.0431817442515232,0.286936609525104,0,0,0.0144558085961364,0,0,0,0,0.786177111845974,0.70259691548426,0.991101306797881
Sample159,0.014373086605132,0.0081544484697672,0.0156151042412572,0.00341940048846446,0.012279291447632,0.187221998311616,0.0660181390179674,0.0416370292400059,0,0.0243191584575624,0.0583545072865559,0,0.0509302026457557,0.242483984295662,0.0193836247315958,0.270945601517235,0.00480614820491378,0,0,0.0506849581722424,0.0173879414030668,0.00146422842692513,0,0.637603154310464,0.787265090936084,1.08947885296336
Sample15,0,0.00898829203689571,0.00413698644387153,0.286661510275342,0,0.178947641521055,0.144324124999623,0.0439767049948131,0,0.090199614875248,0,0,0.00140351204276432,0.0362145119639031,0.0417554685847118,0.290056630754848,0.0369699363830935,0,0.0683344860336721,0,0.00926931077227599,0,0,0.604375101687992,0.809731269291793,1.24123873168212
Sample162,0.0144166089326327,0.00331038435750872,0.0301544248277642,0.142567922605643,0,0.225243727104484,0.0334812840381296,0.0268104158218797,0,0,0.0321755894779149,0.0234471755822792,0.0333856715476044,0.0495535450690952,0.0470261711479562,0.258316339942398,0.0036766888834974,0,0.0171520606396845,0,0.0281227537246524,0.00107289598848823,0,0.447620589039671,0.893378826075932,0.969913659691613
Sample163,0.0705542158446628,0.0379807867014141,0.00943011995529917,0.0723304479928301,0.0343591402118262,0.325627323789855,0.00579199855997168,0,0,0,0.0792652294554555,0,0.035910185631565,0.0380111471964696,0.0183930559550923,0.181203804970718,0,0.00941896556886425,0.044208395708041,0.00152850606236478,0,0,0,0.696341521836399,0.756534845278016,0.964013323604429
Sample165,0.0252828621742252,0,0.0130809518262849,0,0.00867515129365188,0.147978319827405,0.13008768877221,0.0139026726914687,0,0,0.0632753085524846,0,0.0256429349281258,0.331528541684762,0.023417650074508,0.238989389457384,0,0,0.0489425876643149,0,0.0281679334833284,0,0,0.684358832336884,0.753179337471497,1.09897199243015
Sample166,0.0165732815906041,0,0.0845103537228469,0.0322156860514763,0.00919571522190739,0.0481078243079856,0.0309799459399438,0.0176684197538464,0,0,0.0307876424460485,0.00145660128558016,0.0181755301226876,0.111493394531846,0.0105033482317583,0.206037851677234,0,0.0084018344365092,0.0147309519878751,0.00784191636657239,0.0280666119460029,0,0,0.319840067553212,0.953600806094769,0.676746909620725
Sample167,0.0177309432200618,0,0.00893605673302066,0.132905578614513,0,0.0410709136910088,0.0893762597350481,0.0216744682292662,0.0260122073852908,0.0413522288565622,0.0103084677325924,0.00286666021676367,0,0.17282311536411,0.0289816026191117,0.431496369741525,0.00506758044281814,0,0.0522063211572892,0,0.0512959746391449,0.0033477368546695,0,0.627968286621806,0.793393425795336,1.1374524852328
Sample168,0.0205953910354614,0,0.00825326716432315,0,0.0348903635003872,0.124530325615301,0.0245317855722159,0.0121886377879373,0,0,0.0361600987402542,0.0122035979759331,0,0.356989813271673,0.00650928939334331,0.21381559759573,0,0,0.0562397529022931,0,0.0354281466253868,0,0,0.453942458038126,0.897232230191895,0.942336067180239
Sample169,0.0191079041345285,0,0,0.130340138003299,0,0.147585106943923,0.0529530210604033,0.0514031287028515,0,0.0201234878934176,0,0.0151473726997422,0.0680464016445772,0.00772285575958028,0.0549241789947314,0.320383829143608,0.0686070328023494,0,0.154737181096418,0,0.0165325414744231,0,0,0.702891715901953,0.768450710122603,1.12761418035385
Sample170,0.014398638570484,0,0.00566601881818481,0.0917019934131888,0,0.167967808153145,0.0552480036954254,0.0387892579947072,0,0,0.0581895376282093,0,0.0282371994991286,0.0982130535707002,0.0601097048328466,0.259722801343273,0.017160391213827,0,0.0622049791321855,0.000411430068358619,0.00548063465049485,0,0,0.459549087253943,0.887740162216088,0.963501452584159
Sample172,0.0119017342743047,0,0,0.109568248747893,0,0.527296412313031,0.0366605290953974,0.012223433380522,0,0,0.00151000639068183,0.00771405657524086,0.0186390357561488,0.0594019464039857,0.0479890620723139,0.445208233566058,0.0828479690841842,0.0182737300992335,0.432427695216259,0,0,0,0,0.836435835379953,0.671258735809677,1.81166209297525
Sample173,0.00514260733862943,0.0152139460182257,0.00220638573389748,0.0293654240347057,0,0.152937933869829,0.0428295076680504,0.0196444101097107,0,0,0.0437530371557468,3.02927594714097e-05,0.0256317191388028,0.158384094058612,0.0101557984952499,0.328744878794563,0.00173407303911504,0.00598853744384528,0.038525722208754,0,0.0765086172470124,0.0110707008889508,0,0.57849466208202,0.822393030944095,0.967867686003173
Sample179,0.0132460064935583,0.0376950796127045,0.022635478194423,0.0180365100798473,0.0402690427153973,0.119093802404356,0.0399510146742955,0.0126629394932202,0,0,0.0589525153082033,0,0.0154944498895077,0.0291787691873282,0.0079169960855778,0.0679952183871195,0.000156742611707318,0.0185642303119124,0.0317392240202477,0.000955399242595671,0.00668794104457833,0.000764653291281379,0.11,0.143186467223263,1.02459456374116,0.541996013047861
Sample17,0.0331660314971565,0.0127941068372856,0.06634326340751,0.0158399981553698,0.00792597914344684,0.265970866927369,0.0518702990219667,0.0436957412949558,0.00453520400961962,0,0.0607217062994686,0,0.0352026968285656,0.160686528015835,0.061833151403472,0.565808275677641,0,0,0.057835527280992,0,0,0,0,0.767254381387707,0.713819963177814,1.44422937580066
Sample181,0.0181711143436845,0.0126165510860243,0,0.130009018465469,0,0.44900815170684,0.109854704832091,0.0181563996925408,0,0,0.0848193776641994,0,0.0572263963019985,0.0393487074480877,0.0748492659596952,0.335169063169742,0.0166549621242148,0.000463366137293791,0.130161841514737,0,0,0,0,0.736494422330852,0.740409472471311,1.47650892044662
Sample183,0,0.0448949845275012,0,0.151730087432932,0.118775566999387,0.11715894381637,0.079019739698328,0.0209529579581485,0,0.061997921723494,0.0356072276618227,0,0,0,0.0244986705913784,0.283096260906685,0.0100840757048671,0.00439403489898609,0.126656037038382,0,0,0,0,0.669968764101888,0.777080241369865,1.07886650895828
Sample184,0.0435308612423868,0,0.00450565911068628,0.0326000936985547,0.0149988033692893,0,0.0899632789361313,0.0582235514435651,0.0397347393906849,0,0.066668236006291,0,0,0.395002903794725,0.0156229697280898,0.300446245956961,0,0,0.0171482013877108,0,0,0,0,0.807920548810262,0.63699351645994,1.07844554406508
Sample185,0.00522602493919882,0.0183356967911352,0.015145982280112,0.096010254505362,0,0.112556334050316,0.0359666610661621,0.0473094015151921,0.0233521187933962,0,0.0471794949656901,0.00220733454255398,0.0120058504266279,0.204170384810096,0.0444468656770172,0.365435740938149,0.00526584681013958,0,0.119487863003231,0,0.00655222360332368,0,0,0.692949146179252,0.757243074425942,1.1606540787177
Sample187,0.0479386396390521,0.00611648689586098,0.0306077339771089,0.0507438917681658,0,0.266615222136938,0.0454753428603166,0.00229377041469334,0,0.000652228384814341,0.0305176770271337,0,0.0349084085106578,0.0677582256325138,0.0463667982626179,0.303495400448076,0.0353721036172801,0,0.0986675070433911,0,0.00522426261289797,0,0,0.641274498699268,0.800915235133032,1.07275369923152
Sample188,0.0432287792702139,0,0.00640819805477358,0.0569452876214469,0,0.118200946180316,0.0223833526332436,0.0316876110686428,0,0,0.0265320653433573,0,0.0315344881885257,0.0359714378500246,0.0237582310515144,0.193935823414071,0.000924222978930939,0,0.0396470651502334,0,0.000186043722676095,0,0,0.557028215285224,0.840504282770264,0.631343552527971
Sample18,0.0514002751339612,0,0.00675396614457806,0.0561963161125426,0,0.102285101434323,0.0873293972900721,0.0531682312924918,0,0,0.0617858557796531,0,0.0292821292633409,0.0644469870315584,0.0369200392393919,0.165957334234248,0.00570935313160599,0.00280595327436407,0.057103849265886,0,0.000910798849426835,0.00259788449642504,0,0.339734931799899,0.941693946307103,0.784653471973869
Sample1,0.0256789585775384,0.00576202923232022,0.0124177871441798,0.0195873238001428,0,0.0661355103919722,0.0681061429604966,0.0526152457668095,0.0104656175896067,0.0157698046878488,0.0533507166375951,0,0.012718540792737,0.0477878885658697,0.0139582603915487,0.167187814040903,0.00810345415632311,0.00272860783305738,0.0497176078561336,0,0,0,0,0.290581160097704,0.962881428318183,0.632091310425082
Sample20,0.00184821147984451,0.00546854673023263,0.0188962435026527,0.189657506273288,0,0.0642931939040168,0.146507219828839,0.0278352331341702,0,0,0,0.0434618409199567,0.0850999469684597,0.0364200928819805,0.0692545194041718,0.582886852621502,0,0,0,0.0988453074965461,0.0400030805434822,0.0114743418467584,0,0.7058717763616,0.754697038091005,1.4219521375359
Sample21,0.00795007388240586,0.00172999471413287,0.0219042413305192,0.0559994817254248,0,0.0333693921774985,0.0751977624265729,0.0447590487684108,0.00607122778688352,0.00890735122685761,0.0184663426851025,0,0.0171069184038026,0.149898124239991,0.0173110557150876,0.245790569310249,0.00616834349776612,0.00613444830736725,0.0234094832672729,0.011423362634447,0.00831732493236722,0.00118647419986054,0,0.331605955457685,0.952746636866103,0.761101021232019
Sample22,0.0391085844522444,0,0.0044070752450869,0.0327178472808546,0,0.0632773576873907,0.0191462827462365,0.0425017382846523,0,0,0.0443197191768842,0,0.0239275766295141,0.0611638531610283,0.00632049913071765,0.277825079268152,0.00984911672934572,0.00423817983600524,0.0684905717621601,0,0.0280973106450615,0,0.01,0.242575432437394,0.9894958995685,0.725390792035334
Sample23,0.00316227171192961,0.0070250109579034,0.00721200411308317,0.029998761933461,0.00198264509250524,0.0931888420641323,0.0386121966363111,0.0107458805143865,0,0,0.0329045776780102,0,0.00665975150928676,0.293077221484707,0.00319486856201811,0.222471703206219,0,0,0.0239920257584971,0.0075219163257843,0,0,0,0.740993571588652,0.690041851090554,0.781749677548235
Sample24,0.00252112537383633,0.00585293159382942,0.089309154372374,0.135748957406664,0,0.0890406266624276,0.113908146323178,0.12827304732684,0,0,0.0732847610817732,0.00684608482106867,0.126610281040511,0.154620591953032,0.0181706594931942,0.350295044561642,0.000208988630061201,0,0,0.125674847024955,0,0.0142232590151685,0.21,0.108042754534987,1.03986491769444,1.43458850668056
Sample25,0.00824214539482416,0.00797403891137498,0,0.0659556421678208,0,0.212728522904205,0.121288746543353,0.00615522622752057,0,0,0.063734203398548,0,0.029739754141846,0.05457973773415,0.029442387721576,0.435141544838714,0.0366995866139058,0,0.192931934041213,0,0,0,0,0.551746095598963,0.843342852343656,1.26461347063905
Sample27,0.0337391438911393,0.120229883750363,0.0408126242198899,0.16130093778394,0,0.302686901191218,0.102278869265897,0.0537238843569765,0,0,0.011215340898243,0.00217246138493579,0.0141568394501069,0.0335413715339979,0.0787564410144109,0.240724956995924,0.0066052652282733,0,0.0145457977231484,0,0.0332359537827362,0,0,0.711398693417313,0.757549967344599,1.2497266724712
Sample30,0.0224177001525403,0,0.00341201701855673,0.328359533952609,0,0.070959720602975,0.162951780834623,0.0701941764801432,0,0.104714400196499,0,0,0.00598558041588878,0,0.0653510125631919,0.342370669478351,0.0136110495487551,0,0.02554839007418,0,0.0420828586988908,0,0,0.65353198099044,0.781380364044274,1.2579588900172
Sample31,0.0503962754575595,0,0.0407194705569621,0.0310835173894525,0,0.0507877750065659,0.0783239206343304,0.0235852265038128,0.0112896519162854,0.0172387927309531,0.0180058238920654,0,0.0100521805434421,0.028483059233354,0.0380579941109554,0.357100244978911,0.00162727011993396,0,0.0383166520774847,0,0.0491579253511666,0.000707014427602187,0,0.264542629207406,0.976553177265244,0.844932794930837
Sample32,0.00693744022953193,0,0.0309956688256223,0.0113086313927582,0.0128918527743703,0.124618940179655,0.0709360102475497,0.0168544030929831,0,0,0.0630940269107974,0,0.0371569848186159,0.107270944420412,0.00587300093060494,0.247622527391821,0.011383335340403,0,0,0.0665713685154676,0.0520171736717764,0,0,0.362868114973616,0.933888703812354,0.865532308742369
Sample33,0.0212011648522486,0.14167468617386,0.0300293170958318,0.112503642954263,0,0.356520789275701,0.105596159041319,0,0,0,0.0201569804148054,0,0.181846674383938,0.248932813525946,0.042592456235396,0.561049593180046,0.0011691367886095,0,0.20433835401369,0,0,0,0,0.830079530338984,0.689422885763431,2.02761176793565
Sample34,0.0617111219477273,0,0.00779571862739213,0.0521716116014342,0,0.127684711182725,0.0394244937287239,0.00614304890931808,0,0,0.0263545697849834,0.00152343217428846,0.0164266232014498,0.00964556405358601,0.0135863173502494,0.265234695591782,0.0148786986220839,0,0.311530690319713,0,0,0,0,0.481661074994577,0.876104957069461,0.954111297095456
Sample35,0.0306619792317998,0,0.0030714355568168,0.114005721504344,0,0.124174541748264,0.00830097955125758,0.0813336422833811,0.045609697760552,0,0.0531620693205417,0,0.0107580867129422,0.0983740347938376,0.0333567979026099,0.245563267190523,0,0,0.0233494999364188,0,0,0,0,0.553453906678014,0.837272883870647,0.871721753493288
Sample36,0.025678939829662,0,0.00753776145129335,0.0519883097019883,0,0.236137128650953,0.0118736733595392,0.00405426931660251,0,0,0.0200000285799124,0.0163497156583845,0.0281409851005174,0.0401671542586302,0.011390068097516,0.162791101378142,0.00138296041862183,0.0083945992467392,0.0881016628749668,0,0.0126877062344612,0.00180470982308574,0,0.497360392953024,0.869279830638527,0.728480773981016
Sample37,0.112850363060987,0.0660415021096586,0.0174052458899841,0.133693731977632,0,0.379631665033469,0.0359625071111678,0.0811194034192181,0,0,0,0.0317518205749968,0.0113091482990962,0.157983960544633,0.0349199970463103,0.364693375467059,0,0,0.00977072680987108,0,0.00961466124111758,0,0,0.732125781823952,0.735279473753251,1.4467481085852
Sample38,0.0233476608756612,0,0.0044346965264297,0.0649680481934243,0,0.159530422816364,0.0325974105797987,0.0116550399172923,0,0,0.0262856025222402,0,0.0128300926681379,0.0593524284028547,0.0196890707228466,0.195656370675272,0.00119187535049216,0,0.0260980767583294,0,0.0248081857404437,0,0,0.533308248901102,0.850400048824573,0.662444981749587
Sample40,0.0337262185376659,0,0.00696066925373314,0.0875379346174807,0,0.0982979317475075,0.0718416241016236,0.0289662847103096,0,0,0.0310128457174801,0,0.0102686822363436,0.0456530123493995,0.0199176929243188,0.131522080770208,0.0109779648891987,0,0.0102142431490581,0.00329411259001701,0.0317548372501552,0,0,0.43955248542508,0.897747134212832,0.6219461348445
Sample42,0.00518354520752362,0.0147823449544298,0.0186771201481754,0.0362695318077719,0.0267243534033017,0.096874552969336,0.0442586470325054,0.0169650385903066,0,0,0.0466262386224599,0,0.0226390761235852,0.175831280869814,0.0367678001221529,0.148981446227622,0,0,0.0259359472552482,0,0.0146324790010965,0,0,0.639723569713676,0.788402477692523,0.73114940233533
Sample44,0.162120550841467,0,0,0.145410782045514,0,0.20701603219975,0.0105571222828305,0.153557801950757,0.0620760497808148,0,0.00635784910315093,0.0769985133747047,0.0952366274982388,0.169003261932403,0.0855069463882648,0.309831866143715,0,0,0,0.069143958834519,0,0,0,0.777100430366863,0.715684196666871,1.55281736237613
Sample45,0.000726700176684936,0.0224769085002615,0.0337004770483021,0.151076097357538,0,0.20806038446932,0.03246967102901,0.0773482158347477,0.0101075601976132,0,0.0270096731830433,0.0207598828600203,0.0212162616414402,0.219087442266264,0.049949994026012,0.427236417123742,0,0,0.00146776896235794,0.0108679210233481,0,0,0,0.817253984693674,0.668062976290734,1.31356137569971
Sample47,0.0263166025258486,0,0.00990292566248156,0.055689699183116,0,0.133727545047438,0.0317271395208434,0.0381203598591527,0.00280146060856034,0,0.0600867806435922,0,0.0271640950087465,0.0256045163457822,0.0211385366462451,0.232574384589957,0.00508979312914603,0,0.0421634212852208,0,0.0210619642297524,0,0,0.28150273869097,0.968941766029099,0.733169224285882
Sample48,0.0176678654349213,0,0.00598890044680336,0.0901641249111359,0,0.0425498113722585,0.0478027087515534,0.0428878516560427,0.00168703462276772,0.0224135996230044,0.00437733791793576,0,0.0148691354063164,0.0139367515097478,0.0145018201162145,0.15985309695287,0.00892411618521333,0.00601855775412316,0.0420070846285277,0,0.0128953369605492,0,0,0.431475002826955,0.901560617495887,0.548545134249986
Sample4,0.00917419766579784,0.0102008422112639,0.00355887868233256,0.0448825683779856,0.0442627870683355,0.10743137350803,0.0939811522430688,0.0319248392138834,0,0,0.044265017668663,0,0.0147578228037843,0.0732258167797257,0.0326247518251081,0.281547143022144,0.0165453052102029,0.0140721197557428,0.136928136295274,0,0.0153994412249992,0,0,0.454684832845209,0.891255575574229,0.974782193556341
Sample51,0.0882526427243469,0,0.0212140327197734,0.0261371897714318,0,0.0685946134370398,0.189708086164729,0.130604555128418,0,0.0123255548585718,0.0713197311158046,0,0.0125803440435621,0.0258717464487331,0.113016617411021,0.368322306099167,0.0327783518148333,0,0.105926459581171,0.0413228973304187,0.0872975466145072,0.00955917996121273,0,0.635681356785766,0.810648105070972,1.40483185522474
Sample58,0.0209584564234458,0.0105027753925445,0.00152659874368586,0.0189651975153744,0.0567342252795758,0.095116304743416,0,0.0204663330473407,0,0.00247390417246192,0,0.0541161864616849,0.0132593782746253,0.0380935672282936,0.0245388327835448,0.135229686077684,0.0281533974999697,0,0.146093947455451,0,0.0379629541546722,0,0,0.580840585768157,0.829220421898004,0.70419174525377
Sample61,0.0294958377751997,0.0914222262722929,0,0.0157709143653701,0.107566734040639,0.00935928908391279,0.279427652237073,0,0.00925154458467333,0.120303939742359,0,0,0.103994712685951,0.170322225949802,0.043101984769501,0.48494695132902,0.175172754160663,0,0.120315169754326,0,0.228201618354557,0.0746196396705627,0,0.562759507450668,0.841174381515547,2.0632731947759
Sample62,0.00171711072875119,0.0173116042999963,0.0106068657094844,0.0675365884929044,0,0.303558067280278,0.0319332573223947,0.0498157435609169,0.0002061520373868,0,0.0478944803500504,0,0.032089216343253,0.167948309675379,0.0669925121712748,0.509313370162991,0,0,0,0.0712194735309916,0,0.000355481143167781,0,0.782355728658296,0.694396557810865,1.37849823280922
Sample63,0.0239933179096614,0,0.0100626056873529,0.0678621357807416,0,0.122597888617056,0.0791702275388801,0.0293271644812928,0.0164851232442374,0.0137754054522049,0.0218970613373091,0.00523627248846574,0.00424415379294396,0.0564627620350239,0.0459068810231223,0.208783981164862,0.00462741712259818,0,0.0317286176571724,0,0.0117913610490564,0,0,0.494901819625096,0.871196303868875,0.75395237638198
Sample67,0.0423135287788048,0,0.00615742524892014,0.0273215830644849,0,0.0567360241584345,0.0145332282087606,0.0401096561474515,0.00952109633530582,0.00978803613947429,0.00288090544580899,0.00941154988951443,0.0142877503939569,0.0463554201186248,0.00863495183191216,0.152889155117612,0.00751009835024049,0.00290078959302013,0.0554147660696149,0,0.00207579405773483,0,0,0.58038834427741,0.82987685548882,0.508841758949676
Sample6,0.0154548312723574,0.000585638732965804,0,0.0589577959826667,0,0.182851896885248,0.0209719950654124,0.0405786727947356,0,0.0108941177048921,0,0.00212252553490529,0.000915409527968121,0.122331123854881,0.0228218598777318,0.20499718496182,0.00626475563957141,0,0.151089625988791,0,0,0,0,0.768727623064946,0.713285169107727,0.840837433823946
Sample72,0.00390580520085616,0.0141779091339039,0,0.146372361755484,0.00454451626483453,0.426108027560314,0.0826410125390271,0.00116440051463476,0,0,0.035433423547252,0,0.0237623466687281,0.100738677618665,0.0482563334387041,0.207402285622547,0.00808269127145285,0,0.0288228093271345,0,0.005513626148419,0,0,0.638470741296288,0.785141780233653,1.13692622661196
Sample73,0.0145216151663249,0,0.0216952795177696,0.0694147260706094,0,0.14992851425267,0.0494643351751277,0.0258775993199153,0,0,0.0285099172596458,0,0.0211613571756372,0.0510306155583412,0.0287290559098078,0.203240373856746,0.0130866870575303,0,0.0624627568911926,0,0.00953334344477986,0,0,0.412305657555249,0.91039999826708,0.748656176656098
Sample75,0.0180319923583766,0.0175463718683772,0.0779010204322536,0.286147396521882,0,0,0.0666638352433676,0.209757352780927,0.0565972038587876,0.00993806770200325,0.0171191296430736,0.0758123730748487,0.0144152645148899,0.00598533312577038,0.112709680843619,0.373613183121357,0.0138375892677246,0,0.0700215833752203,0,0,0,0,0.66260752430275,0.782881320257586,1.42609737773248
Sample77,0.00241792401968214,0.000267178453769618,0.00486272508510849,0.161602666548537,0,0.173457247486879,0.0703683580277261,0.141394123586299,0,0.0589286171089973,0,0.0414278573242907,0.0229054673109815,0.0232857437849379,0.0558740472723975,0.418378716775618,0.00523099926753499,0,0.0274576723706832,0,0.0572300012144419,0.000280377812630699,0,0.577503506470271,0.825692312036523,1.26536972345052
Sample78,0.0186271114891203,0.00770078562424853,0.0123906116040953,0.0522289043676922,0,0.27595832571079,0.0809593329025094,0.0289180166684402,0,0,0.0738712433724895,0,0.0462806297408166,0.241791900366562,0.0670086392326445,0.462414072854003,0,0,0.044504856602404,0.0331746378249234,0.0054075447730189,0,0,0.811798159425649,0.678687696572081,1.45123661313376
Sample79,0.00985694532647605,0,0.00121051070272306,0.165762235839536,0,0.185244099310882,0.0634589282146394,0.0702650448527988,0,0,0.054584863401237,0,0.0479566659871525,0.0885821560398821,0.0456086232588616,0.547477334443315,0.000206582320176926,0,0.0724363134145515,0,0.00752760754666142,0.00220613720068801,0,0.689623862660943,0.760182013881106,1.36238404785958
Sample7,0.0104136147906877,0.000921353316802211,0.0105583261046089,0.0905258348851834,0,0.153544885585781,0.0448942529950328,0.0955986451383549,0.0030960548678116,0,0.0100823162640478,0,0.0456030215515285,0.0337062117198216,0.0229773405814059,0.268928733105149,0.00928826710910785,0,0.0346127016643306,0,0.0133617255429034,0,0,0.579042147018611,0.827135644757766,0.848113285222556
Sample82,0.0129520278790821,0.0150401727843527,0.00799249553808693,0.00712190521244396,0.0123056971681853,0.107395544766906,0.0243306192738536,0.00933935469526697,0,0,0.0641364001785838,0,0.0190207133574959,0.0672217089388749,0.00585298455723338,0.176128818065775,0.000142490318540218,0.0172793323143938,0.0397124518775267,0,0.0554637081785385,0.00599618537467242,0,0.303503891397578,0.958966258735705,0.647432610479811
Sample83,0.0450708499332431,0,0.00150978261169206,0.0365567754089844,0,0.0578338601327921,0.0575201178849123,0.0174238858579749,0.00124570983324899,0,0.0388287897907657,0,0.0199892235143828,0.0447856655678803,0.013115903585385,0.175329378228227,0.0238595411898442,0.000582008116503586,0.0740024146804266,0,0.0234679928773839,0,0,0.273353603173543,0.969379608967833,0.631121899213647
Sample86,0.0754915512265762,0.0491838712127481,0.146627650686348,0.363372851973744,0,0.328013810301071,0.0795314838922443,0.123215488251652,0,0,0.0252760424968756,0.00463159013748117,0.0318948300885643,0.110129526369754,0.151335349968388,0.276748860209907,0,0,0.0724396339475281,0,0,0,0,0.807260916221072,0.699422013480247,1.83789254076288
Sample87,0.0979642536733665,0.0100578955125308,0.0636250088900272,0.137122072914517,0,0.40300379998958,0.131969132471051,0.0702246536685668,0,0,0.0588933739871767,0,0.0183740334366477,0.0599811626603032,0.0534288861090246,0.248967012129859,0,0,0.027741460337498,0,0,0,0,0.801920403818864,0.699108917709676,1.38135274578015
Sample8,0.0247910481655987,0,0.0258972494850677,0.0524141215439588,0,0.223718249054373,0.0620145689317197,0.00897181207738002,0,0,0.0482902999929474,0,0.0303002414385596,0.0300687195541496,0.0300803390774758,0.27474057072128,0.00133258954406283,0,0.0302493534262216,0,0.0608890881309511,0,0,0.33214360223636,0.946230543874565,0.903758251143746
Sample94,0.0105451998354578,0,0.00817243253259184,0.156122450820671,0,0.075181693974011,0.246961109045314,0.110396804454592,0,0,0.0513291407504192,0,0.0282373583594814,0.14445266963243,0.103910621469522,0.211117218870179,0.00875389612574481,0,0.0770903727563378,0,0.00434830651629497,0,0,0.53577189151261,0.851771327084613,1.23661927514305
Sample96,0.0176753275556655,0.00549310027350758,0.00647321514714305,0.0246301413344342,0.0149756556549151,0.119469788650682,0,0.0080090603539203,0,0,0.0576272274050594,0,0.0700960322090901,0.0617095300156187,0.00729623462083634,0.149990185362894,0.00489302394183099,0.00117328582578035,0.0238003461921976,0,0.00275859146904048,0.00211107771781467,0,0.53083815706041,0.851198963554166,0.57818182373043
Sample98,0.0165792822735334,0,0.0447421155997637,0.196108584292958,0,0.433609970367146,0.119142523025749,0.106615637770952,0,0,0,0.0255479611590197,0.0447507037404701,0.0547896606724781,0.126559968923482,0.215095831099123,0.00970139794733322,0.0375843251681369,0.0408344102943622,0,0.0437451376852673,0,0,0.684598331594276,0.763658761700843,1.51540751001978
Sample99,0,0.0128160543125167,0.0204010268056309,0.0576408894435781,0,0.247468470701767,0.0369330637703154,0.0213050189775717,0,0,0.0400010632308135,0,0.0316780100652166,0.473749243867768,0.0168291368348541,0.606565914125614,0,0.00562754241837997,0.0575210368309986,0,0.0177807587507977,0,0,0.628761675863582,0.780665383017745,1.64631723013582
Sample9,0.0196226465096339,0,0.00994102206061666,0.043076607492253,0,0.121964223058759,0.0495029628497656,0.00830117657924872,0.00070755671035012,0,0.0273505780174747,0,0.0191276768846209,0.0203020279076939,0.0110520808082209,0.200650930130275,0.00523470704506223,0.00569855512541798,0.19092569618041,0,0,0,0,0.477326689867027,0.879340371930411,0.733458447359803
Sample56,0.00656119461925607,0,0,0.0584285898426661,0.000345307808238859,0.331684485774372,0.0688717212793805,0.0152709610718446,0,0,0.0204422593243324,0,0.113876775189987,0.116617612314993,0.0243775895206287,0.322854997768752,0.0589875894979045,0.00658807355728537,0.421961339154931,0,0,0,0,0.779308875003086,0.708569913778305,1.56686849672457
Sample191,0.0246943118065418,0,0.00312368351705808,0.0384696517797977,0,0.209204736040553,0.0712427400665234,0.0406006126315352,0,0,0.0495460427879621,0,0.0375834716220494,0.139988635099938,0.0536714402090893,0.384346574469684,0.0378798245365686,0,0.0374028387721846,0,0.00869848960589334,0,0,0.734977807148242,0.734033768678722,1.13645305294538
Sample189,0.00145165495421431,0,0,0.0772443799930208,0,0.379583048086387,0.018520146429052,0.0200665054657125,0,0,0.00997817914985448,0.0100838867418065,0.0228849960097823,0.0348492889682726,0.0377296790910411,0.248537877218554,0.0796947084709803,0.00863005518795195,0.259292262883608,0,0,0,0,0.739214206521565,0.735770810936939,1.20854666865024
Sample200,0.0133371731448611,0,0.0119878594873689,0.260718166691916,0,0.127432628152381,0.0408351467918679,0.112736356574413,0.0285362461127259,0,0,0.0347804209442319,0.0191325209009217,0.0962567368906099,0.0211722919095984,0.376696844724053,0.00914927028273033,0,0.0840505136903862,0,0.0142308546085851,0,0,0.518318148662975,0.857107665033087,1.25105303090665
Sample201,0.0547801819540049,0,0.0272729839581744,0.017605801340112,0.0272856564937681,0.069622171214909,0.00368685040339619,0.0208036596135852,0.0200890949449598,0,0.0563799097797621,0,0.0390471499581614,0.0561668123840059,0.00678491077476433,0.234308278989225,0.0018752462442731,1.26125358431509e-05,0.0437877078282563,0,0.00110842982075182,0.00267862708022331,0,0.369819295740531,0.930124770161591,0.683296085318177
Sample203,0.0103778816473257,0,0.00742214241231614,0.0775845785593178,0,0.282107599856138,0.0766197676581828,0.0250921393958146,0,0,0.0480250953357203,0,0.0635252367276584,0.0370872421170253,0.0384299389528919,0.292130046344785,0.0176607956964892,0,0.202591086530696,0,0,0,0,0.670108452633192,0.783336722749652,1.17865355123436
Sample193,0.00403093292182325,0.0204335656058367,0.00444874035657225,0.115585773391178,0.0344538071157202,0.227898890987974,0.025000864954814,0.045568422468605,0,0,0.0470495315173678,0.0108467953613135,0.0403095394122492,0.0314262679630248,0.0991157639718803,0.362762510450987,0.015260504829568,0,0.097847090983772,0,0,0.00047166661923998,0,0.715865777937827,0.751393545407639,1.18251066891193
Sample195,0.0707058346296918,0.107838949671415,0,0.0921099418554684,0,0.225073475199951,0.091599522006376,0.0527565869127611,0,0,0.0751034980541131,0,0.0236774627899462,0.140701283655033,0.0139524662721004,0.20371648273026,0,0,0.012449484869142,0.0242391264876164,0.0265394348213904,0,0,0.671476144506758,0.780380977960092,1.16046354995526
Sample196,0.00294841545763609,0.00918749744859146,0.0267379916469641,0.0169897863788442,0.0297290157346101,0.054289473580372,0.0820456218136022,0.00710643401891053,0,0,0.0512399247311856,0,0.0141335367794798,0.187453019955786,0.0132446685458885,0.187375510765254,0.00182412884017724,0,0.00660767564459245,0.0176166400040187,0.0631772018562067,0.017514767027242,0,0.431311935849729,0.90256922502316,0.789221310229362
Sample197,0.0140733869015892,0.0126427431357487,0.0121153792053123,0.0106270699712996,0,0.0739811079154398,0.0786454199708611,0.0128291659914043,0.0013499752870093,0,0.0638475596475716,0,0.0294977259236194,0.261324264499246,0.007545833727549,0.120526710889005,0,0,0.0269466525049348,0,0.0268909463349098,0.0377130435586353,0,0.46897947514294,0.883500481375402,0.790556985464135
Sample204,0.0230442071691943,0,0.00449981238723759,0.0470503663840717,0,0.222890175907915,0.0554323862392925,0.0705694224582321,0,0,0.0640312816754712,0,0.0734467317306719,0.0523771336245299,0.0592211144778894,0.163387406425831,0.0143502140906553,0,0.0532584941238823,0.00214194719211661,0,0,0,0.696847988639532,0.767345665280268,0.905700693886991
Sample205,0.00545909363108936,0.00269649100641399,0.00681377767016257,0.0464100654550739,0,0.138177152286987,0.111947664604639,0.037824923495839,0,0,0.0459733696899846,0,0.0350562533919779,0.0310228058639152,0.0142299439610811,0.515508951082204,0,7.22072358922712e-05,0,0.0154364336955288,0.00712486525575975,0.00874557089804834,0,0.594291860689464,0.812357961890043,1.0224995692246
Sample206,0.0398435165508943,0,0.00502112321980769,0.110159748989058,0,0.387190812858856,0.0296937247089766,0,0,0,0.0927235276832917,0,0.0961035153394933,0,0.0471496952820094,0.303171755706366,0.00253711693716224,0,0.0711638849596941,0.000155429002545698,0,0,0,0.684357340399264,0.765831119548829,1.18491385123815
