entrez_id	gene_name
Sample Identifier	NA
51146	A4GNT
13	AADAC
344752	AADACL2
51166	AADAT
79719	AAGAB
25980	AAR2
441376	AARD
57505	AARS2
132949	AASDH
60496	AASDHPPT
10157	AASS
26574	AATF
18	ABAT
20	ABCA2
21	ABCA3
5243	ABCB1
5244	ABCB4
340273	ABCB5
11194	ABCB8
4363	ABCC1
85320	ABCC11
94160	ABCC12
10257	ABCC4
10057	ABCC5
368	ABCC6
6059	ABCE1
23	ABCF1
10061	ABCF2
55324	ABCF3
9429	ABCG2
64137	ABCG4
55347	ABHD10
26090	ABHD12
25864	ABHD14A
84836	ABHD14B
116236	ABHD15
7920	ABHD16A
51104	ABHD17B
58489	ABHD17C
11057	ABHD2
171586	ABHD3
51099	ABHD5
57406	ABHD6
25890	ABI3BP
25	ABL1
84448	ABLIM2
28	ABO
137735	ABRA
58527	ABRACL
29777	ABT1
80325	ABTB1
25841	ABTB2
30	ACAA1
10449	ACAA2
31	ACACA
84129	ACAD11
27034	ACAD8
28976	ACAD9
176	ACAN
23527	ACAP2
38	ACAT1
39	ACAT2
91452	ACBD5
414149	ACBD7
65057	ACD
340485	ACER2
43	ACHE
1238	ACKR2
51554	ACKR4
48	ACO1
55856	ACOT13
10005	ACOT8
8309	ACOX2
8310	ACOX3
56	ACRV1
23205	ACSBG1
197322	ACSF3
2180	ACSL1
23305	ACSL6
116285	ACSM1
123876	ACSM2A
348158	ACSM2B
6296	ACSM3
54988	ACSM5
84532	ACSS1
55902	ACSS2
345651	ACTBL2
170487	ACTL10
86	ACTL6A
51412	ACTL6B
89	ACTN3
57180	ACTR3B
653857	ACTR3C
79913	ACTR5
93973	ACTR8
84517	ACTRT3
93	ACVR2B
95	ACY1
100	ADA
132612	ADAD1
161931	ADAD2
102	ADAM10
8749	ADAM18
2515	ADAM2
53616	ADAM22
10863	ADAM28
11086	ADAM29
203102	ADAM32
80332	ADAM33
8756	ADAM7
8754	ADAM9
27299	ADAMDEC1
81792	ADAMTS12
11093	ADAMTS13
170689	ADAMTS15
170690	ADAMTS16
170691	ADAMTS17
170692	ADAMTS18
171019	ADAMTS19
9508	ADAMTS3
11174	ADAMTS6
11173	ADAMTS7
11095	ADAMTS8
56999	ADAMTS9
92949	ADAMTSL1
9719	ADAMTSL2
57188	ADAMTSL3
55803	ADAP2
105	ADARB2
23536	ADAT1
134637	ADAT2
90956	ADCK2
203054	ADCK5
108	ADCY2
111	ADCY5
113	ADCY7
114	ADCY8
115	ADCY9
116	ADCYAP1
117	ADCYAP1R1
118	ADD1
79747	ADGB
124	ADH1A
125	ADH1B
126	ADH1C
127	ADH4
128	ADH5
130	ADH6
131	ADH7
137872	ADHFE1
149685	ADIG
9370	ADIPOQ
133	ADM
23394	ADNP
83440	ADPGK
141	ADPRH
113622	ADPRHL1
148	ADRA1A
146	ADRA1D
152	ADRA2C
155	ADRB3
64782	AEN
60312	AFAP1
4299	AFF1
27125	AFF4
10939	AFG3L2
173	AFM
174	AFP
175	AGA
116988	AGAP3
123624	AGBL1
340351	AGBL3
177	AGER
3268	AGFG2
55750	AGK
392636	AGMO
27161	AGO2
10554	AGPAT1
10555	AGPAT2
56895	AGPAT4
55326	AGPAT5
10551	AGR2
155465	AGR3
181	AGRP
23287	AGTPBP1
64902	AGXT2
191	AHCY
23382	AHCYL2
54806	AHI1
79026	AHNAK
196	AHR
57491	AHRR
197	AHSG
51327	AHSP
199	AIF1
83543	AIF1L
51390	AIG1
9255	AIMP1
7965	AIMP2
9049	AIP
203	AK1
50808	AK3
158067	AK8
221264	AK9
11216	AKAP10
11215	AKAP11
9590	AKAP12
11214	AKAP13
9465	AKAP7
10142	AKAP9
56672	AKIP1
80709	AKNA
231	AKR1B1
57016	AKR1B10
441282	AKR1B15
1645	AKR1C1
1646	AKR1C2
8644	AKR1C3
1109	AKR1C4
6718	AKR1D1
83592	AKR1E2
64400	AKTIP
210	ALAD
211	ALAS1
213	ALB
214	ALCAM
216	ALDH1A1
8854	ALDH1A2
220	ALDH1A3
219	ALDH1B1
10840	ALDH1L1
218	ALDH3A1
224	ALDH3A2
7915	ALDH5A1
501	ALDH7A1
64577	ALDH8A1
226	ALDOA
229	ALDOB
230	ALDOC
56052	ALG1
440138	ALG11
644974	ALG1L2
85365	ALG2
10195	ALG3
79796	ALG9
54784	ALKBH4
54890	ALKBH5
91801	ALKBH8
80216	ALPK1
57538	ALPK3
259173	ALS2CL
23600	AMACR
258	AMBN
259	AMBP
51005	AMDHD2
267	AMFR
386724	AMIGO3
154810	AMOTL1
51421	AMOTL2
272	AMPD3
275	AMT
401138	AMTN
10393	ANAPC10
25847	ANAPC13
29882	ANAPC2
29945	ANAPC4
284	ANGPT1
285	ANGPT2
51378	ANGPT4
23452	ANGPTL2
253935	ANGPTL5
286	ANK1
287	ANK2
348094	ANKDD1A
63926	ANKEF1
56172	ANKH
54882	ANKHD1
54467	ANKIB1
255239	ANKK1
57037	ANKMY2
29123	ANKRD11
23253	ANKRD12
124930	ANKRD13B
338692	ANKRD13D
54522	ANKRD16
26057	ANKRD17
253650	ANKRD18A
441459	ANKRD18B
84210	ANKRD20A1
22852	ANKRD26
84079	ANKRD27
23243	ANKRD28
147463	ANKRD29
374860	ANKRD30B
651746	ANKRD33B
390616	ANKRD34C
353322	ANKRD37
338699	ANKRD42
157567	ANKRD46
54851	ANKRD49
57182	ANKRD50
79722	ANKRD55
140731	ANKRD60
100310846	ANKRD61
342850	ANKRD62
100287718	ANKRD66
56311	ANKRD7
23294	ANKS1A
124401	ANKS3
257629	ANKS4B
203286	ANKS6
389161	ANKUB1
55129	ANO10
8125	ANP32A
10541	ANP32B
290	ANPEP
118429	ANTXR2
301	ANXA1
11199	ANXA10
312	ANXA13
302	ANXA2
389289	ANXA2R
306	ANXA3
308	ANXA5
26	AOC1
55435	AP1AR
164	AP1G1
1174	AP1S1
163	AP2B1
1173	AP2M1
8120	AP3B2
10947	AP3M2
10239	AP3S2
23431	AP4E1
9179	AP4M1
91056	AP5B1
55317	AP5S1
320	APBA1
322	APBB1
323	APBB2
10307	APBB3
147495	APCDD1
164284	APCDD1L
327	APEH
83464	APH1B
8539	API5
51074	APIP
187	APLNR
334	APLP2
57136	APMAP
335	APOA1
337	APOA4
116519	APOA5
10930	APOBEC2
55911	APOBR
345	APOC3
347	APOD
55937	APOM
26060	APPL1
353	APRT
54840	APTX
358	AQP1
360	AQP3
361	AQP4
364	AQP7
343	AQP8
366	AQP9
116984	ARAP2
23237	ARC
372	ARCN1
374	AREG
378	ARF4
381	ARF5
10565	ARFGEF1
10564	ARFGEF2
27236	ARFIP1
23647	ARFIP2
383	ARG1
503582	ARGFX
79658	ARHGAP10
94134	ARHGAP12
55114	ARHGAP17
93663	ARHGAP18
57569	ARHGAP20
57584	ARHGAP21
83478	ARHGAP24
79822	ARHGAP28
57514	ARHGAP31
9743	ARHGAP32
80728	ARHGAP39
343578	ARHGAP40
143872	ARHGAP42
9639	ARHGEF10
23365	ARHGEF12
26084	ARHGEF26
50650	ARHGEF3
445328	ARHGEF35
54848	ARHGEF38
84904	ARHGEF39
7984	ARHGEF5
57492	ARID1B
10620	ARID3B
138715	ARID3C
25820	ARIH1
10425	ARIH2
115761	ARL11
200894	ARL13B
80117	ARL14
120534	ARL14EP
54622	ARL15
402	ARL2
23568	ARL2BP
10124	ARL4A
221079	ARL5B
84100	ARL6
23204	ARL6IP1
10550	ARL6IP5
55207	ARL8B
132946	ARL9
55156	ARMC1
83787	ARMC10
221481	ARMC12
84071	ARMC2
219681	ARMC3
79798	ARMC5
25852	ARMC8
9915	ARNT2
10552	ARPC1A
10095	ARPC1B
10093	ARPC4
81873	ARPC5L
10776	ARPP19
10777	ARPP21
92714	ARRDC1
91947	ARRDC4
79642	ARSJ
419	ART3
427	ASAH1
50807	ASAP1
136371	ASB10
79754	ASB13
142686	ASB14
142685	ASB15
51666	ASB4
140458	ASB5
140459	ASB6
140460	ASB7
56676	ASCL3
25842	ASF1A
9070	ASH2L
40	ASIC2
9311	ASIC3
51802	ASIC5
434	ASIP
440	ASNS
444	ASPH
253982	ASPHD1
54829	ASPN
80150	ASRGL1
445	ASS1
28990	ASTE1
23245	ASTN2
171023	ASXL1
80816	ASXL3
136991	ASZ1
29028	ATAD2
79915	ATAD5
79969	ATAT1
1388	ATF6B
80063	ATF7IP2
23130	ATG2A
64422	ATG3
9474	ATG5
10533	ATG7
285973	ATG9B
25923	ATL3
472	ATM
23300	ATMIN
474	ATOH1
57205	ATP10D
23250	ATP11A
23200	ATP11B
79572	ATP13A3
84239	ATP13A4
344905	ATP13A5
483	ATP1B3
487	ATP2A1
491	ATP2B2
27032	ATP2C1
9914	ATP2C2
495	ATP4A
496	ATP4B
50617	ATP6V0A4
527	ATP6V0C
9114	ATP6V0D1
155066	ATP6V0E2
523	ATP6V1A
526	ATP6V1B2
528	ATP6V1C1
9296	ATP6V1F
9550	ATP6V1G1
534	ATP6V1G2
51606	ATP6V1H
540	ATP7B
10396	ATP8A1
79895	ATP8B4
10079	ATP9A
91647	ATPAF2
545	ATR
84126	ATRIP
8455	ATRN
6310	ATXN1
342371	ATXN1L
11273	ATXN2L
222255	ATXN7L1
549	AUH
6790	AURKA
551	AVP
563	AZGP1
64343	AZI2
51582	AZIN1
8706	B3GALNT1
8705	B3GALT4
27087	B3GAT1
135152	B3GAT2
26229	B3GAT3
84002	B3GNT5
84752	B3GNT9
2683	B4GALT1
8702	B4GALT4
9334	B4GALT5
9331	B4GALT6
27077	B9D1
79870	BAALC
570	BAAT
23621	BACE1
572	BAD
573	BAG1
9532	BAG2
9530	BAG4
7917	BAG6
55971	BAIAP2L1
578	BAK1
25805	BAMBI
8815	BANF1
140836	BANF2
55024	BANK1
54971	BANP
8314	BAP1
56751	BARHL1
56033	BARX1
8538	BARX2
10409	BASP1
116071	BATF2
8424	BBOX1
582	BBS1
166379	BBS12
583	BBS2
585	BBS4
55212	BBS7
56987	BBX
55973	BCAP29
9564	BCAR1
8537	BCAS1
55653	BCAS4
590	BCHE
10295	BCKDK
597	BCL2A1
598	BCL2L1
10017	BCL2L10
604	BCL6
9274	BCL7C
283149	BCL9L
9774	BCLAF1
83875	BCO2
622	BDH1
56898	BDH2
627	BDNF
146227	BEAN1
57673	BEND3
389206	BEND4
221336	BEND6
222389	BEND7
7439	BEST1
10282	BET1
51283	BFAR
631	BFSP1
8419	BFSP2
168620	BHLHA15
27319	BHLHE22
8553	BHLHE40
23299	BICD2
55909	BIN3
329	BIRC2
330	BIRC3
54841	BIVM
10904	BLCAP
414899	BLID
640	BLK
641	BLM
642	BLMH
55330	BLOC1S4
648	BMI1
649	BMP1
650	BMP2
55589	BMP2K
651	BMP3
653	BMP5
655	BMP7
658	BMPR1B
646	BNC1
54796	BNC2
663	BNIP2
665	BNIP3L
91653	BOC
259282	BOD1L1
552900	BOLA2
654483	BOLA2B
23246	BOP1
79866	BORA
669	BPGM
671	BPI
51297	BPIFA1
140683	BPIFA2
128861	BPIFA3
92747	BPIFB1
80341	BPIFB2
359710	BPIFB3
149954	BPIFB4
128859	BPIFB6
673	BRAF
6046	BRD2
8019	BRD3
29117	BRD7
10902	BRD8
65980	BRD9
55290	BRF2
25798	BRI3
283870	BRICD5
55299	BRIX1
55845	BRK1
25855	BRMS1
7862	BRPF1
27154	BRPF3
26580	BSCL2
8927	BSN
54836	BSPRY
683	BST1
390259	BSX
53339	BTBD1
84280	BTBD10
643376	BTBD18
22903	BTBD3
114781	BTBD9
685	BTC
686	BTD
54766	BTG4
151888	BTLA
696	BTN1A1
11120	BTN2A1
10385	BTN2A2
11119	BTN3A1
11118	BTN3A2
10384	BTN3A3
56244	BTNL2
84811	BUD13
8896	BUD31
28969	BZW2
256815	C10orf67
56673	C11orf16
160298	C11orf42
91894	C11orf52
28970	C11orf54
160140	C11orf65
83638	C11orf68
54494	C11orf71
254439	C11orf86
399947	C11orf87
100131378	C11orf91
56905	C15orf39
123207	C15orf40
145853	C15orf61
123775	C16orf46
283897	C16orf54
404550	C16orf74
123970	C16orf78
162083	C16orf82
388284	C16orf86
388272	C16orf87
146556	C16orf89
646174	C16orf90
146378	C16orf92
100506581	C16orf95
342346	C16orf96
146853	C17orf50
64149	C17orf75
284099	C17orf78
83608	C18orf21
497661	C18orf32
162681	C18orf54
83636	C19orf12
56913	C1GALT1
389941	C1QL3
114899	C1QTNF3
114902	C1QTNF5
114905	C1QTNF7
717	C2
128653	C20orf141
128864	C20orf144
140873	C20orf173
400831	C20orf202
284805	C20orf203
140680	C20orf96
9854	C2CD2L
145741	C2CD4A
388125	C2CD4B
51161	C3orf18
84077	C3orf20
152065	C3orf22
285315	C3orf33
285237	C3orf38
132200	C3orf49
79669	C3orf52
375341	C3orf62
285382	C3orf70
401097	C3orf80
646498	C3orf84
720	C4A
721	C4B
84103	C4orf17
55286	C4orf19
401152	C4orf3
132321	C4orf33
132989	C4orf36
201725	C4orf46
389197	C4orf50
646603	C4orf51
727	C5
56951	C5orf15
55322	C5orf22
134553	C5orf24
375444	C5orf34
401207	C5orf63
729	C6
168090	C6orf118
387263	C6orf120
221545	C6orf136
135398	C6orf141
57827	C6orf47
352999	C6orf58
81688	C6orf62
221477	C6orf89
730	C7
202865	C7orf33
733	C8G
65265	C8orf33
116328	C8orf34
157773	C8orf48
541565	C8orf58
203076	C8orf74
84933	C8orf76
414919	C8orf82
735	C9
401546	C9orf152
389766	C9orf153
55071	C9orf40
257169	C9orf43
1903	S1PR3
375759	C9orf50
138240	C9orf57
203228	C9orf72
51759	C9orf78
138241	C9orf85
771	CA12
763	CA5A
766	CA7
767	CA8
768	CA9
79886	CAAP1
81617	CAB39L
91768	CABLES1
57010	CABP4
85438	CABS1
26256	CABYR
11094	CACFD1
774	CACNA1B
776	CACNA1D
781	CACNA2D1
9254	CACNA2D2
55799	CACNA2D3
783	CACNB2
10368	CACNG3
23705	CADM1
253559	CADM2
8618	CADPS
93664	CADPS2
793	CALB1
794	CALB2
796	CALCA
797	CALCB
799	CALCR
800	CALD1
810	CALML3
91860	CALML4
51806	CALML5
813	CALU
8536	CAMK1
57118	CAMK1D
817	CAMK2D
94032	CAMK2N2
79012	CAMKV
819	CAMLG
820	CAMP
157922	CAMSAP1
23066	CAND2
10486	CAP2
823	CAPN1
11131	CAPN11
23473	CAPN7
84290	CAPNS2
4076	CAPRIN1
133690	CAPSL
830	CAPZA2
114769	CARD16
59082	CARD18
84674	CARD6
64170	CARD9
23589	CARHSP1
57571	CARNS1
64921	CASD1
57524	CASKIN1
834	CASP1
100506742	CASP12
835	CASP2
836	CASP3
837	CASP4
838	CASP5
839	CASP6
846	CASR
57091	CASS4
847	CAT
117144	CATSPER1
347732	CATSPER3
857	CAV1
858	CAV2
859	CAV3
9139	CBFA2T2
863	CBFA2T3
865	CBFB
867	CBL
868	CBLB
79872	CBLL1
869	CBLN1
140689	CBLN4
84869	CBR4
11335	CBX3
57545	CC2D2A
92922	CCDC102A
203260	CCDC107
256309	CCDC110
29070	CCDC113
151903	CCDC12
160857	CCDC122
90693	CCDC126
133957	CCDC127
152206	CCDC13
64753	CCDC136
64770	CCDC14
9720	CCDC144A
91050	CCDC149
80071	CCDC15
100129792	CCDC152
283152	CCDC153
339965	CCDC158
100130274	CCDC166
154467	CCDC167
643677	CCDC168
80129	CCDC170
203238	CCDC171
51244	CCDC174
374864	CCDC178
100499483	CCDC180
55246	CCDC25
25901	CCDC28A
83643	CCDC3
80125	CCDC33
91057	CCDC34
339829	CCDC39
152137	CCDC50
79714	CCDC51
84692	CCDC54
285331	CCDC66
80323	CCDC68
79741	CCDC7
83446	CCDC70
64925	CCDC71
168455	CCDC71L
493860	CCDC73
151887	CCDC80
60494	CCDC81
79780	CCDC82
220047	CCDC83
11007	CCDC85B
79080	CCDC86
55231	CCDC87
283234	CCDC88B
220388	CCDC89
60492	CCDC90B
257236	CCDC96
881	CCIN
885	CCK
886	CCKAR
887	CCKBR
6346	CCL1
6356	CCL11
6357	CCL13
6358	CCL14
6359	CCL15
6360	CCL16
6361	CCL17
6362	CCL18
6363	CCL19
6347	CCL2
6366	CCL21
6367	CCL22
6368	CCL23
10850	CCL27
56477	CCL28
6348	CCL3
414062	CCL3L3
6351	CCL4
9560	CCL4L2
6352	CCL5
6354	CCL7
6355	CCL8
140706	CCM2L
890	CCNA2
9133	CCNB2
898	CCNE1
9134	CCNE2
899	CCNF
901	CCNG2
10983	CCNI
645121	CCNI2
57018	CCNL1
10309	CCNO
9738	CCP110
9236	CCPG1
1230	CCR1
729230	CCR2
1232	CCR3
1233	CCR4
1234	CCR5
1235	CCR6
1237	CCR8
10803	CCR9
9973	CCS
401145	CCSER1
22948	CCT5
10693	CCT6B
221960	CCZ1B
135228	CD109
929	CD14
8763	CD164
930	CD19
4345	CD200
131450	CD200R1
344807	CD200R1L
933	CD22
57124	CD248
29126	CD274
80381	CD276
23607	CD2AP
10421	CD2BP2
952	CD38
915	CD3D
916	CD3E
917	CD3G
958	CD40
960	CD44
961	CD47
921	CD5
966	CD59
923	CD6
971	CD72
941	CD80
942	CD86
22918	CD93
10225	CD96
81602	CDADC1
8872	CDC123
8555	CDC14B
8881	CDC16
166979	CDC20B
8697	CDC23
993	CDC25A
994	CDC25B
995	CDC25C
246184	CDC26
55664	CDC37L1
55561	CDC42BPG
10435	CDC42EP2
56990	CDC42SE2
988	CDC5L
157313	CDCA2
113130	CDCA5
55536	CDCA7L
64866	CDCP1
999	CDH1
1008	CDH10
1009	CDH11
1010	CDH12
1012	CDH13
1013	CDH15
1014	CDH16
1015	CDH17
1016	CDH18
1000	CDH2
64405	CDH22
1001	CDH3
1003	CDH5
1004	CDH6
1006	CDH8
1007	CDH9
222256	CDHR3
389118	CDHR4
29965	CDIP1
10423	CDIPT
8558	CDK10
5218	CDK14
23552	CDK20
10263	CDK2AP2
1020	CDK5
8851	CDK5R1
51654	CDK5RAP1
55755	CDK5RAP2
1021	CDK6
1025	CDK9
54901	CDKAL1
8999	CDKL2
51265	CDKL3
1026	CDKN1A
1029	CDKN2A
55602	CDKN2AIP
91368	CDKN2AIPNL
1030	CDKN2B
441549	CDNF
50937	CDON
1039	CDR2
256223	CDRT15L2
1040	CDS1
8760	CDS2
81620	CDT1
55573	CDV3
124359	CDYL2
1050	CEBPA
1051	CEBPB
1052	CEBPD
1054	CEBPG
1056	CEL
10659	CELF2
56853	CELF4
60677	CELF6
1951	CELSR3
752014	CEMP1
1059	CENPB
1060	CENPC
1062	CENPE
64105	CENPK
55839	CENPN
401541	CENPP
55166	CENPQ
80152	CENPT
387103	CENPW
153241	CEP120
9662	CEP135
22897	CEP164
84984	CEP19
55125	CEP192
11190	CEP250
95681	CEP41
80817	CEP44
9702	CEP57
285753	CEP57L1
80254	CEP63
80321	CEP70
55722	CEP72
79959	CEP76
84131	CEP78
387119	CEP85L
84902	CEP89
79598	CEP97
9350	CER1
51148	CERCAM
204219	CERS3
1066	CES1
8824	CES2
23491	CES3
283848	CES4A
221223	CES5A
1068	CETN1
1071	CETP
629	CFB
10428	CFDP1
3426	CFI
1072	CFL1
1080	CFTR
8545	CGGBP1
84952	CGNL1
283489	CHAMP1
54927	CHCHD3
131474	CHCHD4
84303	CHCHD6
79145	CHCHD7
1106	CHD2
84181	CHD6
55636	CHD7
80205	CHD9
55349	CHDH
1111	CHEK1
1114	CHGB
26511	CHIC2
10752	CHL1
5119	CHMP1A
57132	CHMP1B
25978	CHMP2B
128866	CHMP4B
92421	CHMP4C
51510	CHMP5
91782	CHMP7
1124	CHN2
26973	CHORDC1
63928	CHP2
54480	CHPF2
54108	CHRAC1
8646	CHRD
1128	CHRM1
1129	CHRM2
1135	CHRNA2
1136	CHRNA3
1138	CHRNA5
8973	CHRNA6
55584	CHRNA9
1142	CHRNB3
1143	CHRNB4
166012	CHST13
9435	CHST2
10164	CHST4
23563	CHST5
4166	CHST6
64377	CHST8
83539	CHST9
22856	CHSY1
337876	CHSY3
54921	CHTF8
57019	CIAPIN1
10519	CIB1
10518	CIB2
1149	CIDEA
63924	CIDEC
4261	CIITA
8483	CILP
493856	CISD2
1154	CISH
10370	CITED2
25792	CIZ1
26586	CKAP2
51192	CKLF
1164	CKS2
23122	CLASP2
23529	CLCF1
1180	CLCN1
1181	CLCN2
1182	CLCN3
9076	CLDN1
9071	CLDN10
5010	CLDN11
9069	CLDN12
24146	CLDN15
10686	CLDN16
51208	CLDN18
49861	CLDN20
53842	CLDN22
137075	CLDN23
100132463	CLDN24
644672	CLDN25
9074	CLDN6
9080	CLDN9
56650	CLDND1
23274	CLEC16A
348174	CLEC18A
497190	CLEC18B
283971	CLEC18C
728276	CLEC19A
154790	CLEC2L
10143	CLEC3A
7123	CLEC3B
1047	CLGN
1192	CLIC1
9022	CLIC3
53405	CLIC5
1198	CLK3
79827	CLMP
1201	CLN3
1203	CLN5
54982	CLN6
2055	CLN8
116449	CLNK
9575	CLOCK
10978	CLP1
1208	CLPS
340204	CLPSL1
389383	CLPSL2
81037	CLPTM1L
10845	CLPX
7401	CLRN1
645104	CLRN2
64084	CLSTN2
1211	CLTA
1191	CLU
23059	CLUAP1
27098	CLUL1
157807	CLVS1
134829	CLVS2
171425	CLYBL
134147	CMBL
152100	CMC1
56942	CMC2
80790	CMIP
84319	CMSS1
113540	CMTM1
146225	CMTM2
123920	CMTM3
146223	CMTM4
54918	CMTM6
112616	CMTM7
152189	CMTM8
168975	CNBD1
140894	CNBD2
7555	CNBP
255919	CNEP1R1
1259	CNGA1
1262	CNGA4
1258	CNGB1
54714	CNGB3
254263	CNIH2
154043	CNKSR3
23019	CNOT1
25904	CNOT10
4850	CNOT4
246175	CNOT6L
29883	CNOT7
285888	CNPY1
245812	CNPY4
1270	CNTF
1271	CNTFR
54875	CNTLN
5067	CNTN3
152330	CNTN4
53942	CNTN5
27255	CNTN6
26047	CNTNAP2
79937	CNTNAP3
728577	CNTNAP3B
85445	CNTNAP4
11064	CNTRL
83548	COG3
25839	COG4
10466	COG5
91949	COG7
84342	COG8
1300	COL10A1
1302	COL11A2
1303	COL12A1
7373	COL14A1
1306	COL15A1
1310	COL19A1
1278	COL1A2
81578	COL21A1
169044	COL22A1
84570	COL25A1
136227	COL26A1
340267	COL28A1
1289	COL5A1
256076	COL6A5
131873	COL6A6
1294	COL7A1
1295	COL8A1
1297	COL9A1
10584	COLEC10
81035	COLEC12
8292	COLQ
51122	COMMD2
23412	COMMD3
54939	COMMD4
28991	COMMD5
170622	COMMD6
149951	COMMD7
54951	COMMD8
29099	COMMD9
1315	COPB1
9276	COPB2
22820	COPG1
26958	COPG2
55352	COPRS
8533	COPS3
51138	COPS4
10987	COPS5
10980	COPS6
27235	COQ2
51117	COQ4
10229	COQ7
57017	COQ9
10699	CORIN
11151	CORO1A
57175	CORO1B
7464	CORO2A
10391	CORO2B
84940	CORO6
79585	CORO7
23406	COTL1
10063	COX17
285521	COX18
1327	COX4I1
84701	COX4I2
9377	COX5A
1339	COX6A2
1340	COX6B1
1345	COX6C
1347	COX7A2
170712	COX7B2
1351	COX8A
1356	CP
1357	CPA1
1358	CPA2
51200	CPA4
93979	CPA5
57094	CPA6
1361	CPB2
1362	CPD
1363	CPE
64506	CPEB1
132864	CPEB2
79974	CPED1
10815	CPLX1
594855	CPLX3
1370	CPN2
8904	CPNE1
221184	CPNE2
8895	CPNE3
131034	CPNE4
57699	CPNE5
27132	CPNE7
151835	CPNE9
1371	CPOX
55313	CPPED1
10404	CPQ
29894	CPSF1
10898	CPSF4
79869	CPSF7
54504	CPVL
56265	CPXM1
8532	CPZ
1381	CRABP1
1384	CRAT
286204	CRB2
51185	CRBN
10488	CREB3
64764	CREB3L2
9586	CREB5
1387	CREBBP
58487	CREBZF
78987	CRELD1
1392	CRH
1395	CRHR2
167	CRISP1
7180	CRISP2
10321	CRISP3
83690	CRISPLD1
83716	CRISPLD2
51379	CRLF3
54675	CRLS1
1400	CRMP1
51340	CRNKL1
54677	CROT
56253	CRTAM
10491	CRTAP
64784	CRTC3
1410	CRYAB
1411	CRYBA1
155051	CRYGN
1427	CRYGS
1428	CRYM
1434	CSE1L
1437	CSF2
55790	CSGALNACT1
1445	CSK
64478	CSMD1
114788	CSMD3
1446	CSN1S1
1447	CSN2
1448	CSN3
53944	CSNK1G1
1456	CSNK1G3
1457	CSNK2A1
1459	CSNK2A2
283106	CSNK2A3
1460	CSNK2B
1464	CSPG4
10675	CSPG5
79848	CSPP1
64651	CSRNP1
1469	CST1
140880	CST11
1470	CST2
1471	CST3
1472	CST4
1473	CST5
1474	CST6
8530	CST7
10047	CST8
128822	CST9
128821	CST9L
1475	CSTA
1477	CSTF1
1479	CSTF3
128817	CSTL1
64693	CTAGE1
441294	CTAGE15
100128553	CTAGE4
340307	CTAGE6
100142659	CTAGE8
643854	CTAGE9
1487	CTBP1
10664	CTCF
140690	CTCFL
10217	CTDSPL
1489	CTF1
115908	CTHRC1
9811	CTIF
1495	CTNNA1
1499	CTNNB1
56259	CTNNBL1
1500	CTNND1
1501	CTNND2
9646	CTR9
1504	CTRB1
440387	CTRB2
1506	CTRL
5476	CTSA
1508	CTSB
1075	CTSC
8722	CTSF
1512	CTSH
1514	CTSL
1519	CTSO
1515	CTSV
1521	CTSW
1522	CTSZ
83992	CTTNBP2
348180	CTU2
613212	CTXN3
8029	CUBN
8454	CUL1
8065	CUL5
51596	CUTA
1523	CUX1
51503	CWC15
10283	CWC27
143884	CWF19L2
80157	CWH43
6376	CX3CL1
1524	CX3CR1
2919	CXCL1
3627	CXCL10
6373	CXCL11
10563	CXCL13
9547	CXCL14
2920	CXCL2
2921	CXCL3
6374	CXCL5
6372	CXCL6
4283	CXCL9
643	CXCR5
10663	CXCR6
30827	CXXC1
80319	CXXC4
51523	CXXC5
220002	CYB561A3
11068	CYB561D2
80777	CYB5B
51700	CYB5R2
1535	CYBA
1537	CYC1
54205	CYCS
1539	CYLC2
1540	CYLD
1583	CYP11A1
1584	CYP11B1
1585	CYP11B2
1588	CYP19A1
1543	CYP1A1
1544	CYP1A2
1589	CYP21A2
1591	CYP24A1
120227	CYP2R1
113612	CYP2U1
51302	CYP39A1
1576	CYP3A4
64816	CYP3A43
1577	CYP3A5
1551	CYP3A7
285440	CYP4V2
1595	CYP51A1
1581	CYP7A1
9420	CYP7B1
1582	CYP8B1
57105	CYSLTR2
84418	CYSTM1
9265	CYTH3
54360	CYTL1
23500	DAAM2
1601	DAB2
153090	DAB2IP
1602	DACH1
168002	DACT2
1605	DAG1
747	DAGLA
221955	DAGLB
55152	DALRD3
1611	DAP
1612	DAPK1
23604	DAPK2
27071	DAPP1
1616	DAXX
1618	DAZL
10926	DBF4
1621	DBH
79007	DBNDD1
55861	DBNDD2
51163	DBR1
79269	DCAF10
25853	DCAF12
25879	DCAF13
54876	DCAF16
285429	DCAF4L1
138009	DCAF4L2
285761	DCBLD1
131566	DCBLD2
1630	DCC
341019	DCDC1
51473	DCDC2
8642	DCHS1
54798	DCHS2
1633	DCK
166614	DCLK2
85443	DCLK3
64421	DCLRE1C
55802	DCP1A
28960	DCPS
81501	DCSTAMP
1638	DCT
1635	DCTD
11258	DCTN3
84516	DCTN5
10671	DCTN6
79077	DCTPP1
54165	DCUN1D1
55208	DCUN1D2
123879	DCUN1D3
23142	DCUN1D4
84259	DCUN1D5
23564	DDAH2
1642	DDB1
23259	DDHD2
414301	DDI1
115265	DDIT4L
780	DDR1
65992	DDRGK1
1662	DDX10
55308	DDX19A
11269	DDX19B
29118	DDX25
55661	DDX27
55794	DDX28
64794	DDX31
7919	DDX39B
54514	DDX4
55510	DDX43
9879	DDX46
11056	DDX52
1656	DDX6
55601	DDX60
91351	DDX60L
1666	DECR1
50619	DEF6
54849	DEF8
1667	DEFA1
728358	DEFA1B
1668	DEFA3
1669	DEFA4
1670	DEFA5
1671	DEFA6
1672	DEFB1
414325	DEFB103A
55894	DEFB103B
140596	DEFB104A
503618	DEFB104B
245908	DEFB105A
504180	DEFB105B
245909	DEFB106A
503841	DEFB106B
245910	DEFB107A
503614	DEFB107B
245913	DEFB110
245915	DEFB112
245927	DEFB113
245928	DEFB114
245929	DEFB115
245930	DEFB116
117285	DEFB118
245932	DEFB119
245934	DEFB121
245936	DEFB123
245937	DEFB124
245938	DEFB125
81623	DEFB126
140850	DEFB127
245939	DEFB128
140881	DEFB129
400830	DEFB132
613211	DEFB134
613209	DEFB135
613210	DEFB136
1673	DEFB4A
100289462	DEFB4B
7913	DEK
57706	DENND1A
27147	DENND2A
22898	DENND3
10260	DENND4A
55667	DENND4C
23258	DENND5A
201627	DENND6A
55789	DEPDC1B
91614	DEPDC7
64798	DEPTOR
79139	DERL1
55070	DET1
28955	DEXI
8694	DGAT1
1607	DGKB
1608	DGKG
160851	DGKH
9162	DGKI
1609	DGKQ
1723	DHODH
79154	DHRS11
79758	DHRS12
147015	DHRS13
25979	DHRS7B
55526	DHTKD1
1665	DHX15
8449	DHX16
54505	DHX29
22907	DHX30
60625	DHX35
170506	DHX36
9785	DHX38
81624	DIAPH3
27292	DIMT1
22982	DIP2C
54769	DIRAS2
22894	DIS3
115752	DIS3L
85458	DIXDC1
27123	DKK2
27122	DKK3
27121	DKK4
1737	DLAT
10395	DLC1
1738	DLD
9940	DLEC1
220107	DLEU7
1739	DLG1
1740	DLG2
9229	DLGAP1
9228	DLGAP2
22839	DLGAP4
28514	DLL1
1749	DLX5
1750	DLX6
93099	DMKN
1758	DMP1
1761	DMRT1
10655	DMRT2
58524	DMRT3
63951	DMRTA1
9988	DMTF1
2039	DMTN
23312	DMXL2
123872	DNAAF1
25981	DNAH1
8701	DNAH11
201625	DNAH12
55567	DNAH3
1767	DNAH5
1769	DNAH8
27019	DNAI1
3301	DNAJA1
10294	DNAJA2
9093	DNAJA3
55466	DNAJA4
51726	DNAJB11
79982	DNAJB14
25822	DNAJB5
10049	DNAJB6
165721	DNAJB8
4189	DNAJB9
64215	DNAJC1
23317	DNAJC13
29103	DNAJC15
202052	DNAJC18
131118	DNAJC19
27000	DNAJC2
134218	DNAJC21
120526	DNAJC24
548645	DNAJC25
5611	DNAJC3
3338	DNAJC4
85479	DNAJC5B
1773	DNASE1
1775	DNASE1L2
1776	DNASE1L3
373863	DND1
144132	DNHD1
728489	DNLZ
1759	DNM1
1789	DNMT3B
116092	DNTTIP1
8448	DOC2A
1795	DOCK3
9732	DOCK4
80005	DOCK5
81704	DOCK8
23348	DOCK9
9046	DOK2
55715	DOK4
55816	DOK5
285489	DOK7
22845	DOLK
57171	DOLPP1
1798	DPAGT1
1800	DPEP1
64174	DPEP2
64180	DPEP3
5977	DPF2
285381	DPH3
92715	DPH7
8813	DPM1
8818	DPM2
10072	DPP3
1804	DPP6
29952	DPP7
54878	DPP8
151871	DPPA2
55211	DPPA4
340168	DPPA5
147991	DPY19L3
286148	DPY19L4
1807	DPYS
1808	DPYSL2
10589	DRAP1
1813	DRD2
1814	DRD3
1816	DRD5
1819	DRG2
29102	DROSHA
1823	DSC1
1824	DSC2
1825	DSC3
57453	DSCAML1
79075	DSCC1
29940	DSE
1828	DSG1
1829	DSG2
1830	DSG3
147409	DSG4
79980	DSN1
1834	DSPP
667	DST
11034	DSTN
92675	DTD1
401124	DTHD1
1837	DTNA
151636	DTX3L
23220	DTX4
11062	DUS4L
11072	DUSP14
128853	DUSP15
78986	DUSP26
1846	DUSP4
1849	DUSP7
100288687	DUX4
1857	DVL3
54808	DYM
284254	DYNAP
1780	DYNC1I1
51143	DYNC1LI1
1783	DYNC1LI2
79659	DYNC2H1
83658	DYNLRB1
83657	DYNLRB2
6993	DYNLT1
55184	DZANK1
22873	DZIP1
199221	DZIP1L
9666	DZIP3
1869	E2F1
1871	E2F3
1874	E2F4
1877	E4F1
85403	EAF1
55840	EAF2
124454	EARS2
9166	EBAG9
64641	EBF2
57593	EBF4
340900	EBLN1
55096	EBLN2
84650	EBPL
9718	ECE2
55862	ECHDC1
79746	ECHDC3
1632	ECI1
1842	ECM2
641700	ECSCR
1894	ECT2
345930	ECT2L
80153	EDC3
23644	EDC4
9695	EDEM1
55741	EDEM2
8721	EDF1
1908	EDN3
1909	EDNRA
1910	EDNRB
8726	EED
1915	EEF1A1
1936	EEF1D
1937	EEF1G
29904	EEF2K
60678	EEFSEC
100130771	EFCAB10
90288	EFCAB12
374786	EFCAB5
388795	EFCAB8
79825	EFCC1
30008	EFEMP2
151651	EFHB
114327	EFHC1
23167	EFR3A
1950	EGF
51162	EGFL7
80864	EGFL8
133584	EGFLAM
1958	EGR1
1960	EGR3
254102	EHBP1L1
10938	EHD1
26298	EHF
1962	EHHADH
79813	EHMT1
10919	EHMT2
9538	EI24
84285	EIF1AD
10289	EIF1B
83939	EIF2A
27102	EIF2AK1
8893	EIF2B5
8894	EIF2S2
8663	EIF3C
728689	EIF3CL
3646	EIF3E
8665	EIF3F
8667	EIF3H
10480	EIF3M
1974	EIF4A2
1977	EIF4E
317649	EIF4E3
1978	EIF4EBP1
8637	EIF4EBP3
1981	EIF4G1
1982	EIF4G2
56648	EIF5A2
3692	EIF6
55520	ELAC1
1993	ELAVL2
1997	ELF1
1998	ELF2
2001	ELF5
63916	ELMO2
79767	ELMO3
55531	ELMOD1
255520	ELMOD2
6785	ELOVL4
60481	ELOVL5
79071	ELOVL6
79993	ELOVL7
55250	ELP2
55140	ELP3
26610	ELP4
54859	ELP6
133418	EMB
9694	EMC2
55831	EMC3
10328	EMC8
51705	EMCN
84034	EMILIN2
90187	EMILIN3
256364	EML3
2013	EMP2
2020	EN2
10117	ENAM
23052	ENDOD1
2021	ENDOG
2022	ENG
375704	ENHO
84080	ENKD1
58478	ENOPH1
55556	ENOSF1
55068	ENOX1
2028	ENPEP
5167	ENPP1
5168	ENPP2
5169	ENPP3
22875	ENPP4
59084	ENPP5
133121	ENPP6
954	ENTPD2
956	ENTPD3
9583	ENTPD4
955	ENTPD6
377841	ENTPD8
56943	ENY2
285203	EOGT
8320	EOMES
2036	EPB41L1
2037	EPB41L2
23136	EPB41L3
54566	EPB41L4B
80314	EPC1
57724	EPG5
255324	EPGN
2041	EPHA1
2042	EPHA3
2044	EPHA5
285220	EPHA6
2047	EPHB1
2049	EPHB3
2050	EPHB4
2051	EPHB6
2053	EPHX2
7957	EPM2A
9852	EPM2AIP1
22905	EPN2
2056	EPO
57119	EPPIN
83481	EPPK1
94240	EPSTI1
54586	EQTN
26284	ERAL1
26059	ERC2
2072	ERCC4
2073	ERCC5
375748	ERCC6L2
1161	ERCC8
2069	EREG
51614	ERGIC3
90459	ERI1
112479	ERI2
157697	ERICH1
11160	ERLIN2
79956	ERMP1
10595	ERN2
23071	ERP44
90952	ESAM
114799	ESCO1
157570	ESCO2
2098	ESD
51575	ESF1
11082	ESM1
2099	ESR1
54845	ESRP1
80004	ESRP2
2101	ESRRA
57488	ESYT2
83850	ESYT3
2107	ETF1
2108	ETFA
2110	ETFDH
64850	ETNPPL
2113	ETS1
2115	ETV1
2116	ETV2
2119	ETV5
51513	ETV7
2121	EVC
132884	EVC2
2123	EVI2A
2124	EVI2B
645027	EVPLL
2128	EVX1
54932	EXD3
55763	EXOC1
11336	EXOC3
283849	EXOC3L1
60412	EXOC4
9941	EXOG
23404	EXOSC2
51010	EXOSC3
54512	EXOSC4
118460	EXOSC6
23016	EXOSC7
5393	EXOSC9
23086	EXPH5
2131	EXT1
2137	EXTL3
2138	EYA1
2139	EYA2
2070	EYA4
346007	EYS
2146	EZH2
7430	EZR
2159	F10
2160	F11
2155	F7
79152	FA2H
646486	FABP12
2169	FABP2
2167	FABP4
2171	FABP5
2173	FABP7
646480	FABP9
3992	FADS1
9415	FADS2
3995	FADS3
2184	FAH
55179	FAIM
11170	FAM107A
83641	FAM107B
83541	FAM110A
90362	FAM110B
63901	FAM111A
374393	FAM111B
92689	FAM114A1
79607	FAM118B
23196	FAM120A
158293	FAM120AOS
84498	FAM120B
220108	FAM124A
131408	FAM131A
9715	FAM131B
257415	FAM133B
57579	FAM135A
51059	FAM135B
10144	FAM13A
51306	FAM13B
25854	FAM149A
26355	FAM162A
221303	FAM162B
642968	FAM163B
83648	FAM167A
221061	FAM171A1
400451	FAM174B
389558	FAM180A
79632	FAM184A
27146	FAM184B
222234	FAM185A
148109	FAM187B
8603	FAM193A
221786	FAM200A
285550	FAM200B
200232	FAM209A
388799	FAM209B
125228	FAM210A
116151	FAM210B
144809	FAM216B
203259	FAM219A
57184	FAM219B
84792	FAM220A
340277	FAM221A
392307	FAM221B
55731	FAM222B
619208	FAM229B
10447	FAM3C
131177	FAM3D
131583	FAM43A
100129583	FAM47E
152877	FAM53A
51307	FAM53C
143684	FAM76B
286336	FAM78A
145773	FAM81A
84985	FAM83A
222584	FAM83B
128876	FAM83C
81610	FAM83D
644815	FAM83G
286077	FAM83H
85002	FAM86B1
653333	FAM86B2
23625	FAM89B
51439	FAM8A1
100287045	FAM90A26
157769	FAM91A1
2175	FANCA
2176	FANCC
2177	FANCD2
115795	FANCD2OS
2178	FANCE
2189	FANCG
55215	FANCI
84188	FAR1
10160	FARP1
10922	FASTK
79072	FASTKD3
60493	FASTKD5
2195	FAT1
120114	FAT3
79633	FAT4
2197	FAU
2199	FBLN2
2201	FBN2
2203	FBP1
8789	FBP2
64319	FBRS
222235	FBXL13
54620	FBXL19
25827	FBXL2
283807	FBXL22
26224	FBXL3
26234	FBXL5
26233	FBXL6
23194	FBXL7
55336	FBXL8
26267	FBXO10
157574	FBXO16
26263	FBXO22
26261	FBXO24
26260	FBXO25
26273	FBXO3
84085	FBXO30
79791	FBXO31
114907	FBXO32
26272	FBXO4
51725	FBXO40
286151	FBXO43
200933	FBXO45
26271	FBXO5
26269	FBXO8
26268	FBXO9
10517	FBXW10
285231	FBXW12
26190	FBXW2
54461	FBXW5
55294	FBXW7
2219	FCN1
2220	FCN2
260436	FDCSP
2222	FDFT1
2230	FDX1
91893	FDXACB1
10116	FEM1B
2237	FEN1
654463	FER1L6
222894	FERD3L
55612	FERMT1
83706	FERMT3
2242	FES
26998	FETUB
9638	FEZ1
389549	FEZF1
55079	FEZF2
2864	FFAR1
2867	FFAR2
2865	FFAR3
2243	FGA
2244	FGB
221472	FGD2
89846	FGD3
152273	FGD5
2255	FGF10
2257	FGF12
2259	FGF14
8822	FGF17
2247	FGF2
26281	FGF20
2250	FGF5
9982	FGFBP1
83888	FGFBP2
2260	FGFR1
2261	FGFR3
53834	FGFRL1
2266	FGG
2267	FGL1
85462	FHDC1
2272	FHIT
29109	FHOD1
80206	FHOD3
84929	FIBCD1
387758	FIBIN
9158	FIBP
27145	FILIP1
11259	FILIP1L
81608	FIP1L1
51024	FIS1
128486	FITM2
24147	FJX1
55033	FKBP14
23307	FKBP15
2280	FKBP1A
642489	FKBP1C
2286	FKBP2
2289	FKBP5
63943	FKBPL
201163	FLCN
2313	FLI1
2314	FLII
2317	FLNB
2318	FLNC
10211	FLOT1
2319	FLOT2
23769	FLRT1
23767	FLRT3
84256	FLYWCH1
114984	FLYWCH2
23048	FNBP1
84624	FNDC1
22862	FNDC3A
64778	FNDC3B
54752	FNDC8
96459	FNIP1
57600	FNIP2
2339	FNTA
54914	FOCAD
2346	FOLH1
8061	FOSL1
3170	FOXA2
27023	FOXB1
442425	FOXB2
2303	FOXC2
2298	FOXD4
286380	FOXD4L3
349334	FOXD4L4
653427	FOXD4L5
653404	FOXD4L6
2304	FOXE1
2294	FOXF1
8928	FOXH1
2300	FOXL1
668	FOXL2
8456	FOXN1
2309	FOXO3
27086	FOXP1
93986	FOXP2
283150	FOXR1
55572	FOXRED1
2307	FOXS1
2356	FPGS
80144	FRAS1
158326	FREM1
166752	FREM3
2483	FRG1
448831	FRG2
100288801	FRG2C
2444	FRK
79981	FRMD1
257019	FRMD3
55691	FRMD4A
23150	FRMD4B
83786	FRMD8
22844	FRMPD1
285527	FRYL
100861412	FSBP
29999	FSCN3
123722	FSD2
2488	FSHB
10468	FST
11167	FSTL1
23105	FSTL4
56884	FSTL5
2495	FTH1
79068	FTO
8939	FUBP3
2519	FUCA2
5045	FURIN
2521	FUS
84750	FUT10
2526	FUT4
2529	FUT7
2395	FXN
8087	FXR1
5348	FXYD1
486	FXYD2
5349	FXYD3
53827	FXYD5
53826	FXYD6
53822	FXYD7
79443	FYCO1
2534	FYN
84248	FYTTD1
8321	FZD1
7976	FZD3
8322	FZD4
8323	FZD6
9908	G3BP2
2549	GAB1
11345	GABARAPL2
2550	GABBR1
9568	GABBR2
2553	GABPB1
2555	GABRA2
2557	GABRA4
2560	GABRB1
2565	GABRG1
200959	GABRR3
10912	GADD45G
339896	GADL1
2580	GAK
89792	GAL3ST3
79690	GAL3ST4
2588	GALNS
2589	GALNT1
63917	GALNT11
79695	GALNT12
117248	GALNT15
374378	GALNT18
51809	GALNT7
168391	GALNTL5
442117	GALNTL6
2592	GALT
8139	GAN
23193	GANAB
2596	GAP43
26330	GAPDHS
202309	GAPT
26130	GAPVD1
54433	GAR1
84253	GARNL3
2619	GAS1
246176	GAS2L2
2621	GAS6
2622	GAS8
2624	GATA2
2625	GATA3
2626	GATA4
2627	GATA6
57798	GATAD1
57704	GBA2
57733	GBA3
2632	GBE1
26301	GBGT1
2636	GBX1
2638	GC
79571	GCC1
2729	GCLC
8521	GCM1
2650	GCNT1
9245	GCNT3
140687	GCNT7
145781	GCOM1
257144	GCSAM
2653	GCSH
9615	GDA
54332	GDAP1
78997	GDAP1L1
51573	GDE1
8200	GDF5
392255	GDF6
2661	GDF9
2665	GDI2
2668	GDNF
79153	GDPD3
390637	GDPGP1
2669	GEM
8328	GFI1B
85476	GFM1
81577	GFOD2
2675	GFRA2
2676	GFRA3
64096	GFRA4
389400	GFRAL
23062	GGA2
87769	GGACT
79017	GGCT
8836	GGH
79893	GGNBP2
2686	GGT7
92086	GGTLC1
2690	GHR
2691	GHRH
2692	GHRHR
51738	GHRL
2693	GHSR
79018	GID4
64599	GIGYF1
170575	GIMAP1
26157	GIMAP2
55303	GIMAP4
55340	GIMAP5
474344	GIMAP6
168537	GIMAP7
155038	GIMAP8
100507096	GIMD1
116254	GINM1
9837	GINS1
51659	GINS2
64785	GINS3
84296	GINS4
28964	GIT1
2697	GJA1
349149	GJC3
100126572	GJE1
2712	GK2
256356	GK5
80318	GKAP1
2720	GLB1
89944	GLB1L2
112937	GLB1L3
113263	GLCCI1
26035	GLCE
2731	GLDC
342035	GLDN
2733	GLE1
2738	GLI4
152007	GLIPR2
84662	GLIS2
169792	GLIS3
2739	GLO1
2740	GLP1R
8001	GLRA3
2743	GLRB
360203	GLT6D1
55830	GLT8D1
10249	GLYAT
92292	GLYATL1
219970	GLYATL2
389396	GLYATL3
132158	GLYCTK
84656	GLYR1
2765	GML
647309	GMNC
51053	GMNN
29925	GMPPB
2766	GMPR
8833	GMPS
9630	GNA14
2771	GNAI2
2774	GNAL
2775	GNAO1
2776	GNAQ
2778	GNAS
2779	GNAT1
2783	GNB2
59345	GNB4
10681	GNB5
10020	GNE
2790	GNG10
2791	GNG11
2785	GNG3
2792	GNGT1
2794	GNL1
26354	GNL3
132789	GNPDA2
2796	GNRH1
2797	GNRH2
2798	GNRHR
2800	GOLGA1
2801	GOLGA2
2803	GOLGA4
342096	GOLGA6A
55889	GOLGA6B
653641	GOLGA6C
653643	GOLGA6D
643707	GOLGA6L4
51125	GOLGA7
2804	GOLGB1
27333	GOLIM4
51280	GOLM1
64083	GOLPH3
57120	GOPC
64689	GORASP1
9527	GOSR1
137362	GOT1L1
2806	GOT2
2813	GP2
2814	GP5
2815	GP9
8733	GPAA1
7918	GPANK1
55094	GPATCH1
65056	GPBP1
221914	GPC2
2262	GPC5
10082	GPC6
56261	GPCPD1
23171	GPD1L
170589	GPHA2
2821	GPI
338328	GPIHBP1
2822	GPLD1
2823	GPM6A
10457	GPNMB
57720	GPR107
56834	GPR137
124274	GPR139
344758	GPR149
2838	GPR15
390212	GPR152
165829	GPR156
26996	GPR160
29909	GPR171
440435	GPR179
2841	GPR18
160897	GPR180
1880	GPR183
2843	GPR20
2844	GPR21
2845	GPR22
2850	GPR27
2853	GPR31
2861	GPR37
2866	GPR42
118442	GPR62
27201	GPR78
10888	GPR83
54329	GPR85
53836	GPR87
51704	GPRC5B
222545	GPRC6A
285513	GPRIN3
26086	GPSM1
63940	GPSM3
2875	GPT
84706	GPT2
2876	GPX1
2880	GPX5
257202	GPX6
493869	GPX8
57655	GRAMD1A
57476	GRAMD1B
54762	GRAMD1C
10750	GRAP
400581	GRAPL
80000	GREB1L
79977	GRHL2
9380	GRHPR
2891	GRIA2
2893	GRIA4
2895	GRID2
392862	GRID2IP
2900	GRIK4
2902	GRIN1
2903	GRIN2A
116443	GRIN3A
2907	GRINA
80852	GRIP2
6011	GRK1
2868	GRK4
131890	GRK7
2911	GRM1
2912	GRM2
2913	GRM3
2914	GRM4
2915	GRM5
2917	GRM7
2918	GRM8
80273	GRPEL1
2926	GRSF1
79774	GRTP1
389207	GRXCR1
56169	GSDMC
79792	GSDMD
23199	GSE1
146395	GSG1L
2932	GSK3B
2934	GSN
2935	GSPT1
2936	GSR
2937	GSS
2938	GSTA1
2939	GSTA2
2940	GSTA3
2941	GSTA4
221357	GSTA5
79807	GSTCD
373156	GSTK1
170825	GSX2
2958	GTF2A2
2960	GTF2E1
2961	GTF2E2
2963	GTF2F2
2968	GTF2H4
404672	GTF2H5
2975	GTF3C1
9329	GTF3C4
9328	GTF3C5
85865	GTPBP10
54676	GTPBP2
23560	GTPBP4
29083	GTPBP8
149699	GTSF1L
9626	GUCA1C
2977	GUCY1A2
60558	GUF1
727936	GXYLT2
2993	GYPA
2994	GYPB
2996	GYPE
64412	GZF1
3001	GZMA
3003	GZMK
22927	HABP4
26061	HACL1
3033	HADH
57817	HAMP
9464	HAND2
54363	HAO1
145864	HAPLN3
23438	HARS2
3037	HAS2
3038	HAS3
115106	HAUS1
79441	HAUS3
23354	HAUS5
54801	HAUS6
3043	HBB
3045	HBD
3046	HBE1
1839	HBEGF
3047	HBG1
3048	HBG2
26959	HBP1
10767	HBS1L
54985	HCFC1R1
3055	HCK
3059	HCLS1
348980	HCN1
10021	HCN4
3062	HCRTR2
79885	HDAC11
3066	HDAC2
9734	HDAC9
3067	HDC
51020	HDDC2
374659	HDDC3
154150	HDGFL1
84064	HDHD2
81932	HDHD3
55027	HEATR3
23593	HEBP2
51696	HECA
57493	HEG1
113510	HELQ
391723	HELT
55363	HEMGN
51409	HEMK1
220296	HEPACAM
253012	HEPACAM2
341208	HEPHL1
641654	HEPN1
8925	HERC1
8916	HERC3
51191	HERC5
55008	HERC6
9709	HERPUD1
3280	HES1
8820	HESX1
3073	HEXA
23462	HEY1
23493	HEY2
3077	HFE
3081	HGD
3082	HGF
3083	HGFAC
138050	HGSNAT
57467	HHATL
64399	HHIP
10086	HHLA1
11148	HHLA2
11112	HIBADH
25994	HIGD1A
123346	HIGD2B
29923	HILPDA
25988	HINFP
3094	HINT1
84681	HINT2
135114	HINT3
28996	HIPK2
10114	HIPK3
8479	HIRIP3
3097	HIVEP2
81502	HM13
79618	HMBOX1
3145	HMBS
256158	HMCN2
10363	HMG20A
3159	HMGA1
3148	HMGB2
54511	HMGCLL1
3157	HMGCS1
9324	HMGN3
10473	HMGN4
3163	HMOX2
3166	HMX1
6928	HNF1B
3172	HNF4A
3174	HNF4G
10949	HNRNPA0
144983	HNRNPA1L2
3181	HNRNPA2B1
3184	HNRNPD
9987	HNRNPDL
3190	HNRNPK
221092	HNRNPUL2
9455	HOMER2
84376	HOOK3
84525	HOPX
3198	HOXA1
3206	HOXA10
3207	HOXA11
3209	HOXA13
3199	HOXA2
3200	HOXA3
3201	HOXA4
3202	HOXA5
3203	HOXA6
3204	HOXA7
3205	HOXA9
3240	HP
3248	HPGD
27306	HPGDS
3249	HPN
3250	HPR
84343	HPS3
10855	HPSE
3263	HPX
55806	HR
646962	HRCT1
3273	HRG
3269	HRH1
59340	HRH4
9957	HS3ST1
9956	HS3ST2
9951	HS3ST4
222537	HS3ST5
266722	HS6ST3
3281	HSBP1
3291	HSD11B2
51170	HSD17B11
51144	HSD17B12
345275	HSD17B13
3294	HSD17B2
3293	HSD17B3
7923	HSD17B8
80270	HSD3B7
83693	HSDL1
84263	HSDL2
3297	HSF1
3298	HSF2
3299	HSF4
3326	HSP90AB1
116835	HSPA12B
51182	HSPA14
3303	HSPA1A
3304	HSPA1B
3305	HSPA1L
3308	HSPA4
22824	HSPA4L
3309	HSPA5
3312	HSPA8
3313	HSPA9
3316	HSPB2
8988	HSPB3
126393	HSPB6
79663	HSPBAP1
3346	HTN1
3347	HTN3
3350	HTR1A
3351	HTR1B
3355	HTR1F
3356	HTR2A
3359	HTR3A
9177	HTR3B
170572	HTR3C
200909	HTR3D
285242	HTR3E
3361	HTR5A
94031	HTRA3
203100	HTRA4
3064	HTT
3373	HYAL1
8692	HYAL2
8372	HYAL3
23553	HYAL4
54768	HYDIN
123688	HYKK
219844	HYLS1
10525	HYOU1
3381	IBSP
3382	ICA1
3397	ID1
3400	ID4
3418	IDH2
3419	IDH3A
3420	IDH3B
3422	IDI1
91734	IDI2
414328	IDNK
3620	IDO1
169355	IDO2
3425	IDUA
8870	IER3
51124	IER3IP1
389792	IER5L
3439	IFNA1
3446	IFNA10
3447	IFNA13
3448	IFNA14
3449	IFNA16
3451	IFNA17
3440	IFNA2
3452	IFNA21
3441	IFNA4
3442	IFNA5
3443	IFNA6
3444	IFNA7
3445	IFNA8
3456	IFNB1
338376	IFNE
3459	IFNGR1
56832	IFNK
3467	IFNW1
3475	IFRD1
7866	IFRD2
55764	IFT122
90410	IFT20
56912	IFT46
51098	IFT52
55081	IFT57
80173	IFT74
57560	IFT80
9543	IGDCC3
57722	IGDCC4
3480	IGF1R
10644	IGF2BP2
10643	IGF2BP3
3482	IGF2R
3490	IGFBP7
347252	IGFBPL1
79713	IGFLR1
492311	IGIP
285313	IGSF10
152404	IGSF11
10261	IGSF6
22997	IGSF9B
3550	IK
3551	IKBKB
3587	IL10RA
3590	IL11RA
3592	IL12A
3596	IL13
3600	IL15
3601	IL15RA
3603	IL16
3605	IL17A
27189	IL17C
112744	IL17F
55540	IL17RB
84818	IL17RC
54756	IL17RD
132014	IL17RE
3606	IL18
3556	IL1RAP
3558	IL2
53832	IL20RA
53833	IL20RB
59067	IL21
50615	IL21R
116379	IL22RA2
246778	IL27
3559	IL2RA
3562	IL3
133396	IL31RA
9235	IL32
90865	IL33
146433	IL34
3565	IL4
3566	IL4R
3567	IL5
3568	IL5RA
3569	IL6
3572	IL6ST
3574	IL7
3575	IL7R
3578	IL9
286676	ILDR1
3611	ILK
196294	IMMP1L
83943	IMMP2L
55272	IMP3
3612	IMPA1
3613	IMPA2
55364	IMPACT
3614	IMPDH1
3615	IMPDH2
3617	IMPG1
50939	IMPG2
3619	INCENP
3622	ING2
54556	ING3
58493	INIP
11185	INMT
125476	INO80C
283899	INO80E
8821	INPP4B
56623	INPP5E
387755	INSC
3638	INSIG1
3641	INSL4
11172	INSL6
3642	INSM1
55174	INTS10
57117	INTS12
80789	INTS5
26512	INTS6
55656	INTS8
55756	INTS9
27152	INTU
27130	INVS
9807	IP6K1
51447	IP6K2
117283	IP6K3
26034	IPCEF1
51194	IPO11
3843	IPO5
10527	IPO7
64768	IPPK
9657	IQCB1
132141	IQCF1
389123	IQCF2
401067	IQCF3
389124	IQCF5
440956	IQCF6
84223	IQCG
64799	IQCH
654502	IQCJ
124152	IQCK
8826	IQGAP1
9922	IQSEC1
154865	IQUB
134728	IRAK1BP1
3656	IRAK2
3658	IREB2
3659	IRF1
3660	IRF2
3663	IRF5
3394	IRF8
79192	IRX1
153572	IRX2
79191	IRX3
50805	IRX4
10265	IRX5
79190	IRX6
81689	ISCA1
3669	ISG20
3670	ISL1
64843	ISL2
3671	ISLR
57611	ISLR2
140862	ISM1
51015	ISOC1
9798	IST1
57461	ISY1
83737	ITCH
81533	ITFG1
3672	ITGA1
22801	ITGA11
3673	ITGA2
8516	ITGA8
3680	ITGA9
3681	ITGAD
3683	ITGAL
3684	ITGAM
3687	ITGAX
3688	ITGB1
3693	ITGB5
3696	ITGB8
9358	ITGBL1
3697	ITIH1
3698	ITIH2
3699	ITIH3
3700	ITIH4
80760	ITIH5
9445	ITM2B
3704	ITPA
3708	ITPR1
3710	ITPR3
162073	ITPRIPL2
389434	IYD
100129669	IZUMO3
182	JAG1
84522	JAGN1
3717	JAK2
152789	JAKMIP1
83700	JAM3
221895	JAZF1
56704	JPH1
57158	JPH2
57338	JPH3
8629	JRK
8690	JRKL
8997	KALRN
23189	KANK1
8850	KAT2B
10524	KAT5
7994	KAT6A
84148	KAT8
11104	KATNA1
83473	KATNAL2
10300	KATNB1
9920	KBTBD11
166348	KBTBD12
390594	KBTBD13
143879	KBTBD3
89890	KBTBD6
84078	KBTBD7
84541	KBTBD8
3739	KCNA4
7881	KCNAB1
3745	KCNB1
9312	KCNB2
3751	KCND2
3755	KCNG1
93107	KCNG4
3757	KCNH2
131096	KCNH8
80333	KCNIP4
3758	KCNJ1
3768	KCNJ12
3762	KCNJ5
60598	KCNK15
83795	KCNK16
89822	KCNK17
50801	KCNK4
8645	KCNK5
10089	KCNK7
51305	KCNK9
10242	KCNMB2
27094	KCNMB3
3786	KCNQ3
56479	KCNQ5
283518	KCNRG
3787	KCNS1
3788	KCNS2
57582	KCNT1
157855	KCNU1
27012	KCNV1
169522	KCNV2
375616	KCP
284252	KCTD1
115207	KCTD12
253980	KCTD13
79047	KCTD15
146212	KCTD19
222658	KCTD20
386618	KCTD4
54442	KCTD5
200845	KCTD6
386617	KCTD8
54793	KCTD9
11014	KDELR2
221656	KDM1B
22992	KDM2A
51780	KDM3B
23081	KDM4C
55693	KDM4D
390245	KDM4E
79831	KDM8
3791	KDR
3792	KEL
80759	KHDC1
100129128	KHDC1L
154288	KHDC3L
202559	KHDRBS2
10656	KHDRBS3
9778	KIAA0232
9856	KIAA0319
9729	KIAA0408
9764	KIAA0513
57456	KIAA1143
56243	KIAA1217
57536	KIAA1328
57670	KIAA1549
25758	KIAA1549L
57691	KIAA1586
85449	KIAA1755
158405	KIAA1958
158358	KIAA2026
63971	KIF13A
23303	KIF13B
56992	KIF15
55614	KIF16B
81930	KIF18A
10112	KIF20A
3835	KIF22
9493	KIF23
347240	KIF24
3834	KIF25
55582	KIF27
3796	KIF2A
11127	KIF3A
9371	KIF3B
3799	KIF5B
221458	KIF6
374654	KIF7
64147	KIF9
3833	KIFC1
90990	KIFC2
3801	KIFC3
22944	KIN
84623	KIRREL3
3815	KIT
152831	KLB
64837	KLC2
7071	KLF10
11278	KLF12
136259	KLF14
28999	KLF15
51274	KLF3
688	KLF5
1316	KLF6
687	KLF9
23008	KLHDC10
54758	KLHDC4
200942	KLHDC8B
57626	KLHL1
57565	KLHL14
23276	KLHL18
11275	KLHL2
54800	KLHL24
64410	KLHL25
26249	KLHL3
401265	KLHL31
79786	KLHL36
340359	KLHL38
131377	KLHL40
51088	KLHL5
89857	KLHL6
55975	KLHL7
57563	KLHL8
55958	KLHL9
3818	KLKB1
346689	KLRG2
4297	KMT2A
9757	KMT2B
58508	KMT2C
55904	KMT2E
3827	KNG1
400506	KNOP1
3836	KPNA1
3839	KPNA3
3840	KPNA4
3841	KPNA5
402569	KPNA7
84626	KRBA1
100506243	KRBOX1
79412	KREMEN2
889	KRIT1
388533	KRTDAP
8844	KSR1
339855	KY
26013	L3MBTL1
84456	L3MBTL3
91133	L3MBTL4
144811	LACC1
114294	LACTB
51110	LACTB2
284217	LAMA1
3908	LAMA2
3909	LAMA3
3910	LAMA4
3912	LAMB1
3913	LAMB2
22798	LAMB4
10319	LAMC3
3916	LAMP1
27074	LAMP3
24141	LAMP5
8649	LAMTOR3
389541	LAMTOR4
51056	LAP3
55353	LAPTM4B
55132	LARP1B
23185	LARP4B
55323	LARP6
51574	LARP7
23395	LARS2
27040	LAT
9113	LATS1
143903	LAYN
3929	LBP
167691	LCA5
3931	LCAT
51451	LCMT1
3933	LCN1
414332	LCN10
286256	LCN12
389812	LCN15
3934	LCN2
158062	LCN6
138307	LCN8
392399	LCN9
401562	LCNL1
254251	LCORL
3936	LCP1
197021	LCTL
9079	LDB2
92483	LDHAL6B
197257	LDHD
143458	LDLRAD3
753	LDLRAD4
116842	LEAP2
3950	LECT2
51176	LEF1
389170	LEKR1
221496	LEMD2
123169	LEO1
3952	LEP
23484	LEPROTL1
3954	LETM1
137994	LETM2
85329	LGALS12
3965	LGALS9
284194	LGALS9B
654346	LGALS9C
55203	LGI2
203190	LGI3
163175	LGI4
55366	LGR4
51557	LGSN
375612	LHFPL3
375323	LHFPL4
222662	LHFPL5
3975	LHX1
9355	LHX2
8022	LHX3
26468	LHX6
11019	LIAS
3977	LIFR
3980	LIG3
22998	LIMCH1
8994	LIMD1
55957	LIN37
132660	LIN54
55327	LIN7C
84894	LINGO1
158038	LINGO2
3990	LIPC
9388	LIPG
200879	LIPH
9516	LITAF
3996	LLGL1
79748	LMAN1L
64327	LMBR1
55788	LMBRD1
92255	LMBRD2
29995	LMCD1
89782	LMLN
4001	LMNB1
4004	LMO1
4005	LMO2
4008	LMO7
442721	LMOD2
56203	LMOD3
22853	LMTK2
4010	LMX1B
348801	LNP1
84708	LNX1
83752	LONP2
91694	LONRF1
125336	LOXHD1
4016	LOXL1
4017	LOXL2
4018	LPA
1902	LPAR1
10161	LPAR6
79888	LPCAT1
54947	LPCAT2
9663	LPIN2
64900	LPIN3
4023	LPL
4026	LPP
9404	LPXN
9227	LRAT
987	LRBA
23143	LRCH1
84859	LRCH3
4034	LRCH4
57497	LRFN2
78999	LRFN4
136332	LRGUK
26018	LRIG1
345193	LRIT3
84918	LRP11
29967	LRP12
55805	LRP2BP
4037	LRP3
4043	LRPAP1
55227	LRRC1
390205	LRRC10B
9684	LRRC14
389257	LRRC14B
131578	LRRC15
10234	LRRC17
64922	LRRC19
79442	LRRC2
441381	LRRC24
389816	LRRC26
123355	LRRC28
339291	LRRC30
79782	LRRC31
151827	LRRC34
55282	LRRC36
114659	LRRC37B
116135	LRRC3B
64101	LRRC4
54839	LRRC49
57689	LRRC4C
219527	LRRC55
116064	LRRC58
65999	LRRC61
220416	LRRC63
339977	LRRC66
100130742	LRRC69
100130733	LRRC70
100506049	LRRC72
56262	LRRC8A
401387	LRRD1
9209	LRRFIP2
344657	LRRIQ4
79705	LRRK1
57633	LRRN1
54674	LRRN3
164312	LRRN4
221091	LRRN4CL
26045	LRRTM2
90678	LRSAM1
57408	LRTM1
222229	LRWD1
4045	LSAMP
55341	LSG1
27257	LSM1
26065	LSM14A
57819	LSM2
27258	LSM3
11157	LSM6
286006	LSMEM1
132228	LSMEM2
51599	LSR
7940	LST1
4049	LTA
4050	LTB
4054	LTBP3
4057	LTF
84946	LTV1
51631	LUC7L2
286343	LURAP1L
56925	LXN
8581	LY6D
4061	LY6E
58496	LY6G5B
80741	LY6G5C
80740	LY6G6C
58530	LY6G6D
79136	LY6G6E
259215	LY6G6F
4062	LY6H
54742	LY6K
23643	LY96
55646	LYAR
4067	LYN
66004	LYNX1
137797	LYPD2
10434	LYPLA1
57149	LYRM1
90624	LYRM7
201229	LYRM9
256586	LYSMD2
145748	LYSMD4
10894	LYVE1
84569	LYZL1
119180	LYZL2
131375	LYZL4
57151	LYZL6
54585	LZTFL1
11178	LZTS1
9762	LZTS3
10586	MAB21L2
346389	MACC1
28992	MACROD1
140733	MACROD2
4085	MAD2L1
9587	MAD2L1BP
10296	MAEA
4094	MAF
84232	MAF1
389692	MAFA
9935	MAFB
4099	MAG
64110	MAGEF1
9223	MAGI1
84549	MAK16
114569	MAL2
115416	MALSU1
256691	MAMDC2
158056	MAMDC4
84441	MAML2
55534	MAML3
4121	MAN1A1
11253	MAN1B1
4122	MAN2A2
23324	MAN2B2
4123	MAN2C1
4126	MANBA
63905	MANBAL
7873	MANF
84557	MAP1LC3A
81631	MAP1LC3B
5604	MAP2K1
5606	MAP2K3
5607	MAP2K5
4214	MAP3K1
4296	MAP3K11
9175	MAP3K13
4216	MAP3K4
4217	MAP3K5
1326	MAP3K8
4134	MAP4
5871	MAP4K2
79929	MAP6D1
9053	MAP7
79884	MAP9
5602	MAPK10
5603	MAPK13
1432	MAPK14
225689	MAPK15
5595	MAPK3
5596	MAPK4
5597	MAPK6
5598	MAPK7
79109	MAPKAP1
7867	MAPKAPK3
22919	MAPRE1
10982	MAPRE2
4082	MARCKS
2011	MARK2
91862	MARVELD3
4142	MAS1
116511	MAS1L
5648	MASP1
84930	MASTL
4147	MATN2
8785	MATN4
9782	MATR3
57506	MAVS
4150	MAZ
151963	MB21D2
4152	MBD1
8932	MBD2
8930	MBD4
255374	MBLAC1
4154	MBNL1
10150	MBNL2
154141	MBOAT1
619373	MBOAT4
8720	MBTPS1
4157	MC1R
4158	MC2R
4159	MC3R
4161	MC5R
4162	MCAM
56922	MCCC1
401250	MCCD1
23263	MCF2L
23101	MCF2L2
345643	MCIDAS
55388	MCM10
4171	MCM2
4172	MCM3
4173	MCM4
4176	MCM7
84515	MCM8
254394	MCM9
157777	MCMDC2
79648	MCPH1
55784	MCTP2
9656	MDC1
29969	MDFIC
266727	MDGA1
4200	ME2
10873	ME3
2122	MECOM
84246	MED10
116931	MED12L
9440	MED17
219541	MED19
6837	MED22
9439	MED23
9442	MED27
80306	MED28
90390	MED30
29079	MED4
55090	MED9
4205	MEF2A
4210	MEFV
84466	MEGF10
84465	MEGF11
1955	MEGF9
644890	MEIG1
9833	MELK
4221	MEN1
4223	MEOX2
4224	MEP1A
4225	MEP1B
56257	MEPCE
56955	MEPE
55897	MESP1
145873	MESP2
4232	MEST
4233	MET
23173	METAP1
57721	METTL14
196074	METTL15
196541	METTL21C
79091	METTL22
55798	METTL2B
64863	METTL4
131965	METTL6
51108	METTL9
84206	MEX3B
51320	MEX3C
9848	MFAP3L
4239	MFAP4
4240	MFGE8
9258	MFHAS1
55669	MFN1
83552	MFRP
64747	MFSD1
10227	MFSD10
113655	MFSD3
256471	MFSD8
8972	MGAM
84709	MGARP
11343	MGLL
92667	MGME1
23295	MGRN1
4258	MGST2
57534	MIB1
100507436	MICA
64780	MICAL1
9645	MICAL2
4277	MICB
286097	MICU3
166968	MIER3
54468	MIOS
4286	MITF
8195	MKKS
4289	MKLN1
23608	MKRN1
23609	MKRN2
283078	MKX
2315	MLANA
4291	MLF1
4292	MLH1
90523	MLIP
197259	MLKL
8028	MLLT10
4300	MLLT3
4295	MLN
2862	MLNR
64223	MLST8
23417	MLYCD
166785	MMAA
4311	MME
4321	MMP12
4322	MMP13
4324	MMP15
4325	MMP16
4313	MMP2
9313	MMP20
10893	MMP24
64386	MMP25
56547	MMP26
64066	MMP27
79148	MMP28
4316	MMP7
4318	MMP9
22915	MMRN1
84057	MND1
55329	MNS1
3110	MNX1
92597	MOB1B
79817	MOB3B
4336	MOBP
55034	MOCOS
4337	MOCS1
4338	MOCS2
27304	MOCS3
4340	MOG
346606	MOGAT3
84315	MON1A
22879	MON1B
27136	MORC1
10933	MORF4L1
254956	MORN5
4342	MOS
64598	MOSPD3
26002	MOXD1
51660	MPC1
8777	MPDZ
219972	MPEG1
10200	MPHOSPH6
4351	MPI
143098	MPP7
65258	MPPE1
744	MPPED2
23164	MPRIP
255027	MPV17L
10205	MPZL2
196264	MPZL3
22808	MRAS
4360	MRC1
93621	MRFAP1
114932	MRFAP1L1
79922	MRM1
83876	MRO
727957	MROH1
133558	MROH2B
389690	MROH5
642475	MROH6
140699	MROH8
65008	MRPL1
65003	MRPL11
28998	MRPL13
64928	MRPL14
29088	MRPL15
54948	MRPL16
63875	MRPL17
29074	MRPL18
11222	MRPL3
64979	MRPL36
64975	MRPL41
84311	MRPL45
26589	MRPL46
57129	MRPL47
740	MRPL49
54534	MRPL50
64963	MRPS11
55168	MRPS18A
28973	MRPS18B
51023	MRPS18C
51116	MRPS2
56945	MRPS22
64432	MRPS25
64949	MRPS26
28957	MRPS28
10884	MRPS30
51650	MRPS33
92399	MRRF
57380	MRS2
931	MS4A1
341116	MS4A10
54860	MS4A12
503497	MS4A13
84689	MS4A14
219995	MS4A15
728588	MS4A18
2206	MS4A2
932	MS4A3
51338	MS4A4A
643680	MS4A4E
64232	MS4A5
64231	MS4A6A
245802	MS4A6E
58475	MS4A7
83661	MS4A8
345222	MSANTD1
79684	MSANTD2
91283	MSANTD3
84437	MSANTD4
9242	MSC
4439	MSH5
55167	MSL2
6307	MSMO1
692094	MSMP
4481	MSR1
4482	MSRA
22921	MSRB2
4485	MST1
4486	MST1R
4487	MSX1
4489	MT1A
4490	MT1B
4493	MT1E
4494	MT1F
4495	MT1G
4496	MT1H
4499	MT1M
4501	MT1X
4502	MT2A
4504	MT3
84560	MT4
9219	MTA2
4507	MTAP
27085	MTBP
23787	MTCH1
92140	MTDH
123263	MTFMT
9650	MTFR1
113115	MTFR2
25902	MTHFD1L
441024	MTHFD2L
10588	MTHFS
64779	MTHFSD
54545	MTMR12
64419	MTMR14
8898	MTMR2
9108	MTMR7
66036	MTMR9
4543	MTNR1A
4544	MTNR1B
25821	MTO1
55149	MTPAP
136319	MTPN
9617	MTRF1
54516	MTRF1L
4552	MTRR
9788	MTSS1
4547	MTTP
57509	MTUS1
10071	MUC12
56667	MUC13
143662	MUC15
140453	MUC17
200958	MUC20
4584	MUC3A
4585	MUC4
4589	MUC7
80198	MUS81
4593	MUSK
389125	MUSTN1
89853	MVB12B
4597	MVD
9961	MVP
10608	MXD4
4602	MYB
4603	MYBL1
4605	MYBL2
4609	MYC
23077	MYCBP2
80177	MYCT1
4615	MYD88
4629	MYH11
22989	MYH15
57644	MYH7B
93408	MYL10
10627	MYL12A
103910	MYL12B
4634	MYL3
4636	MYL5
10398	MYL9
29116	MYLIP
4638	MYLK
85366	MYLK2
91807	MYLK3
55892	MYNN
4651	MYO10
51168	MYO15A
399687	MYO18A
80179	MYO19
4642	MYO1D
4643	MYO1E
4644	MYO5A
4645	MYO5B
55930	MYO5C
4646	MYO6
4649	MYO9A
8736	MYOM1
9172	MYOM2
9499	MYOT
51778	MYOZ2
745	MYRF
25924	MYRIP
100820829	MYZAP
51237	MZB1
440145	MZT1
9683	N4BP1
55728	N4BP2
84779	NAA11
80155	NAA15
79612	NAA16
51126	NAA20
60560	NAA35
84316	NAA38
79829	NAA40
80218	NAA50
79903	NAA60
27163	NAAA
10003	NAALAD2
10004	NAALADL1
254827	NAALADL2
138151	NACC2
133686	NADK2
8883	NAE1
92345	NAF1
51172	NAGPA
203245	NAIF1
259232	NALCN
10135	NAMPT
140838	NANP
54187	NANS
266812	NAP1L5
63908	NAPB
222236	NAPEPLD
8774	NAPG
9	NAT1
55226	NAT10
375607	NAT16
10	NAT2
339983	NAT8L
23218	NBEAL2
4683	NBN
83988	NCALD
4684	NCAM1
23310	NCAPD3
64151	NCAPG
54892	NCAPG2
4686	NCBP1
22916	NCBP2
57552	NCEH1
4690	NCK1
51517	NCKIPSD
10499	NCOA2
8202	NCOA3
57727	NCOA5
23054	NCOA6
135112	NCOA7
259197	NCR3
23413	NCS1
10403	NDC80
54820	NDE1
54602	NDFIP2
79625	NDNF
27158	NDOR1
10397	NDRG1
57446	NDRG3
65009	NDRG4
9348	NDST3
64579	NDST4
4695	NDUFA2
4697	NDUFA4
4698	NDUFA5
4702	NDUFA8
4706	NDUFAB1
91942	NDUFAF2
25915	NDUFAF3
79133	NDUFAF5
137682	NDUFAF6
4708	NDUFB2
4710	NDUFB4
4711	NDUFB5
4712	NDUFB6
4715	NDUFB9
4717	NDUFC1
4724	NDUFS4
4726	NDUFS6
4729	NDUFV2
10529	NEBL
64168	NECAB1
54550	NECAB2
63941	NECAB3
4734	NEDD4
4747	NEFL
4741	NEFM
79661	NEIL1
252969	NEIL2
55247	NEIL3
4750	NEK1
152110	NEK10
79858	NEK11
4752	NEK3
6787	NEK4
341676	NEK5
10783	NEK6
284086	NEK8
7469	NELFA
25920	NELFB
51497	NELFCD
7936	NELFE
4756	NEO1
10276	NET1
81831	NETO2
4758	NEU1
140825	NEURL2
63974	NEUROD6
4762	NEUROG1
63973	NEUROG2
4763	NF1
10725	NFAT5
4773	NFATC2
84901	NFATC2IP
4775	NFATC3
9603	NFE2L3
4781	NFIB
4783	NFIL3
4790	NFKB1
4794	NFKBIE
4795	NFKBIL1
64332	NFKBIZ
4798	NFRKB
9054	NFS1
4799	NFX1
152518	NFXL1
4800	NFYA
55768	NGLY1
51335	NGRN
378884	NHLRC1
57224	NHSL1
84276	NICN1
4814	NINJ1
22981	NINL
51388	NIP7
152519	NIPAL1
79815	NIPAL2
25836	NIPBL
11188	NISCH
56954	NIT2
154215	NKAIN2
286183	NKAIN3
222698	NKAPL
85407	NKD1
85409	NKD2
28512	NKIRAS1
4820	NKTR
54475	NLE1
22871	NLGN1
51701	NLK
197358	NLRC3
84166	NLRC5
338322	NLRP10
338323	NLRP14
79671	NLRX1
4828	NMB
4829	NMBR
51068	NMD3
8382	NME5
10201	NME6
347736	NME9
349565	NMNAT3
57407	NMRAL1
54981	NMRK1
9397	NMT2
10874	NMU
4826	NNAT
4837	NNMT
23530	NNT
84273	NOA1
28987	NOB1
135935	NOBOX
10392	NOD1
64127	NOD2
8996	NOL3
8715	NOL4
65083	NOL6
55035	NOL8
64434	NOM1
23420	NOMO1
283820	NOMO2
408050	NOMO3
8602	NOP14
10528	NOP56
4843	NOS2
4846	NOS3
4851	NOTCH1
4855	NOTCH4
50508	NOX3
50507	NOX4
79400	NOX5
10811	NOXA1
266743	NPAS4
4863	NPAT
2831	NPBWR1
4864	NPC1
56654	NPDC1
79716	NPEPL1
10886	NPFFR2
27031	NPHP3
9284	NPIPA1
642799	NPIPA2
642778	NPIPA3
100288332	NPIPA5
101059938	NPIPA7
101059953	NPIPA8
728888	NPIPB11
440348	NPIPB15
23117	NPIPB3
440345	NPIPB4
100132247	NPIPB5
728741	NPIPB6
440350	NPIPB7
728734	NPIPB8
100507607	NPIPB9
10361	NPM2
255743	NPNT
4882	NPR2
4883	NPR3
10641	NPRL2
27020	NPTN
4885	NPTX2
64111	NPVF
4852	NPY
4886	NPY1R
4887	NPY2R
4889	NPY5R
1728	NQO1
9975	NR1D2
8856	NR1I2
7182	NR2C2
7101	NR2E1
10002	NR2E3
7026	NR2F2
4306	NR3C2
8013	NR4A3
2516	NR5A1
2649	NR6A1
441478	NRARP
340371	NRBP2
4897	NRCAM
4899	NRF1
3084	NRG1
9542	NRG2
145957	NRG4
4900	NRGN
56675	NRIP3
11270	NRM
123904	NRN1L
8829	NRP1
375387	NRROS
140767	NRSN1
80023	NRSN2
9379	NRXN2
55968	NSFL1C
27065	NSG1
8439	NSMAF
197370	NSMCE1
286053	NSMCE2
26012	NSMF
84081	NSRP1
54888	NSUN2
63899	NSUN3
221078	NSUN6
79730	NSUN7
221294	NT5DC1
64943	NT5DC2
56953	NT5M
123803	NTAN1
50863	NTM
28989	NTMT1
4917	NTN3
84628	NTNG2
4915	NTRK2
4916	NTRK3
51667	NUB1
4682	NUBP1
84955	NUDCD1
55270	NUDT15
131870	NUDT16
84309	NUDT16L1
79873	NUDT18
390916	NUDT19
318	NUDT2
11051	NUDT21
84304	NUDT22
11165	NUDT3
11164	NUDT5
11162	NUDT6
283927	NUDT7
53343	NUDT9
26747	NUFIP1
57532	NUFIP2
389643	NUGGC
9972	NUP153
9631	NUP155
23511	NUP188
23165	NUP205
23225	NUP210
8021	NUP214
348995	NUP43
53371	NUP54
9688	NUP93
26471	NUPR1
116150	NUS1
10204	NUTF2
54754	NUTM2F
441457	NUTM2G
10482	NXF1
158046	NXNL2
120400	NXPE1
120406	NXPE2
91775	NXPE3
54827	NXPE4
30010	NXPH1
29107	NXT1
222950	NYAP1
220323	OAF
221443	OARD1
4947	OAZ2
29991	OBP2A
29989	OBP2B
729330	OC90
54940	OCIAD1
132299	OCIAD2
4951	OCM2
128506	OCSTAMP
54959	ODAM
4956	ODF1
4957	ODF2
55239	OGFOD1
79627	OGFRL1
4968	OGG1
4969	OGN
55301	OLAH
10439	OLFM1
10562	OLFM4
283298	OLFML1
169611	OLFML2A
167826	OLIG3
4958	OMD
4974	OMG
3175	ONECUT1
441161	OOEP
255649	OOSP1
4976	OPA1
4978	OPCML
26873	OPLAH
611	OPN1SW
221391	OPN5
4986	OPRK1
4988	OPRM1
10133	OPTN
341276	OR10A2
26496	OR10A3
283297	OR10A4
144124	OR10A5
390093	OR10A6
282770	OR10AG1
442194	OR10C1
26497	OR10D3
390264	OR10G4
390265	OR10G7
219869	OR10G8
219870	OR10G9
219960	OR10Q1
219873	OR10S1
390201	OR10V1
81341	OR10W1
26531	OR11A1
26529	OR12D2
81797	OR12D3
392309	OR13J1
442191	OR14J1
347169	OR1B1
4992	OR1F1
347168	OR1J1
26740	OR1J2
26219	OR1J4
392392	OR1K1
26737	OR1L1
26735	OR1L3
254973	OR1L4
392390	OR1L6
138881	OR1L8
138883	OR1N1
138882	OR1N2
158131	OR1Q1
219959	OR1S1
219958	OR1S2
346528	OR2A1
346525	OR2A12
135941	OR2A14
442361	OR2A2
392138	OR2A25
79541	OR2A4
402317	OR2A42
393046	OR2A5
401427	OR2A7
81392	OR2AE1
144125	OR2AG1
338755	OR2AG2
81697	OR2B2
442184	OR2B3
26212	OR2B6
4993	OR2C1
120776	OR2D2
120775	OR2D3
26211	OR2F1
135948	OR2F2
26716	OR2H1
7932	OR2H2
442185	OR2J1
26707	OR2J2
442186	OR2J3
26248	OR2K2
56656	OR2S2
26692	OR2W1
81328	OR4A15
81327	OR4A16
403253	OR4A47
81318	OR4A5
219429	OR4C11
283093	OR4C12
283092	OR4C13
81309	OR4C15
219428	OR4C16
119749	OR4C46
79346	OR4C5
219432	OR4C6
390197	OR4D10
219986	OR4D11
219875	OR4D5
219983	OR4D6
390199	OR4D9
390649	OR4F15
441308	OR4F21
26682	OR4F4
390648	OR4F6
81300	OR4P4
219431	OR4S2
401667	OR51A2
401666	OR51A4
119687	OR51A7
79345	OR51B2
79339	OR51B4
282763	OR51B5
390058	OR51B6
390038	OR51D1
143503	OR51E1
81285	OR51E2
256892	OR51F1
119694	OR51F2
79324	OR51G1
81282	OR51G2
390063	OR51I1
390064	OR51I2
119682	OR51L1
390059	OR51M1
390061	OR51Q1
119692	OR51S1
401665	OR51T1
283111	OR51V1
23538	OR52A1
390054	OR52A5
255725	OR52B2
143496	OR52B4
340980	OR52B6
390066	OR52D1
119678	OR52E2
390081	OR52E4
390078	OR52E6
390079	OR52E8
390067	OR52H1
390037	OR52I1
143502	OR52I2
119679	OR52J3
390036	OR52K1
119774	OR52K2
338751	OR52L1
119772	OR52M1
79473	OR52N1
390077	OR52N2
390072	OR52N4
390075	OR52N5
119695	OR52R1
120787	OR52W1
120796	OR56A1
390083	OR56A3
120793	OR56A4
387748	OR56B1
196335	OR56B4
219982	OR5A1
219981	OR5A2
81431	OR5AC1
81050	OR5AC2
390181	OR5AK2
390195	OR5AN1
338675	OR5AP2
219493	OR5AR1
219447	OR5AS1
390191	OR5B12
219965	OR5B17
390190	OR5B2
219968	OR5B21
441608	OR5B3
392391	OR5C1
390142	OR5D13
219436	OR5D14
390144	OR5D16
219438	OR5D18
338674	OR5F1
26341	OR5H1
403273	OR5H14
403274	OR5H15
79310	OR5H2
79295	OR5H6
10798	OR5I1
282775	OR5J2
26339	OR5K1
402135	OR5K2
403277	OR5K3
403278	OR5K4
219437	OR5L1
26338	OR5L2
390168	OR5M1
390167	OR5M10
219487	OR5M11
219482	OR5M3
219484	OR5M8
390162	OR5M9
120065	OR5P2
120066	OR5P3
390155	OR5T1
219464	OR5T2
390154	OR5T3
81696	OR5V1
390148	OR5W2
8590	OR6A2
135946	OR6B1
390261	OR6M1
219952	OR6Q1
219874	OR6T1
346517	OR6V1
390260	OR6X1
390275	OR8A1
219858	OR8B12
26595	OR8B2
390271	OR8B3
283162	OR8B4
26493	OR8B8
283159	OR8D1
283160	OR8D2
338662	OR8D4
219469	OR8H1
390151	OR8H2
390152	OR8H3
120586	OR8I2
219477	OR8J1
81168	OR8J3
390157	OR8K1
219473	OR8K3
219453	OR8K5
219417	OR8U1
135924	OR9A2
390174	OR9G1
283189	OR9G4
219954	OR9I1
219956	OR9Q1
219957	OR9Q2
80228	ORAI2
93129	ORAI3
5001	ORC5
23594	ORC6
5007	OSBP
114884	OSBPL10
114885	OSBPL11
114876	OSBPL1A
26031	OSBPL3
51526	OSER1
29948	OSGIN1
734	OSGIN2
9180	OSMR
116039	OSR2
58505	OSTC
26578	OSTF1
28962	OSTM1
344901	OSTN
146183	OTOA
131149	OTOL1
133060	OTOP1
56914	OTOR
55611	OTUB1
220213	OTUD1
54726	OTUD4
51633	OTUD6B
341277	OVCH2
5017	OVOL1
58495	OVOL2
5019	OXCT1
27199	OXGR1
92106	OXNAD1
55074	OXR1
54995	OXSM
9943	OXSR1
5020	OXT
5021	OXTR
5024	P2RX3
5028	P2RY1
64805	P2RY12
53829	P2RY13
9934	P2RY14
8974	P4HA2
54681	P4HTM
26986	PABPC1
80336	PABPC1L
132430	PABPC4L
390748	PABPN1L
135138	PACRG
133015	PACRGL
55690	PACS1
29993	PACSIN1
5047	PAEP
5049	PAFAH1B2
55824	PAG1
79447	PAGR1
10606	PAICS
10605	PAIP1
51247	PAIP2
5062	PAK2
79728	PALB2
23022	PALLD
51025	PAM16
25891	PAMR1
80025	PANK2
24145	PANX1
116337	PANX3
5069	PAPPA
9061	PAPSS1
152559	PAQR3
124222	PAQR4
54852	PAQR5
85315	PAQR8
344838	PAQR9
56288	PARD3
50855	PARD6A
84612	PARD6B
55486	PARL
25849	PARM1
5073	PARN
84875	PARP10
64761	PARP12
54625	PARP14
165631	PARP15
54956	PARP16
10039	PARP3
56965	PARP6
79668	PARP8
83666	PARP9
55742	PARVA
160065	PATE1
399967	PATE2
100169851	PATE3
399968	PATE4
219988	PATL1
5075	PAX1
5078	PAX4
5079	PAX5
5080	PAX6
22976	PAXIP1
55872	PBK
59351	PBOV1
55193	PBRM1
5089	PBX2
5090	PBX3
5091	PC
84105	PCBD2
57060	PCBP4
5095	PCCA
5096	PCCB
57575	PCDH10
27253	PCDH17
54510	PCDH18
64881	PCDH20
5099	PCDH7
5100	PCDH8
5101	PCDH9
56147	PCDHA1
56139	PCDHA10
56138	PCDHA11
56137	PCDHA12
56136	PCDHA13
56146	PCDHA2
56145	PCDHA3
56144	PCDHA4
56143	PCDHA5
56142	PCDHA6
56141	PCDHA7
56140	PCDHA8
9752	PCDHA9
56135	PCDHAC1
56134	PCDHAC2
29930	PCDHB1
56126	PCDHB10
56125	PCDHB11
56124	PCDHB12
56123	PCDHB13
56122	PCDHB14
57717	PCDHB16
56133	PCDHB2
56132	PCDHB3
56131	PCDHB4
26167	PCDHB5
56130	PCDHB6
56129	PCDHB7
56128	PCDHB8
64773	PCED1A
51585	PCF11
10336	PCGF3
63935	PCIF1
5105	PCK1
27445	PCLO
5108	PCM1
5110	PCMT1
115294	PCMTD1
5111	PCNA
57092	PCNP
5118	PCOLCE
26577	PCOLCE2
5126	PCSK2
5125	PCSK5
5046	PCSK6
9159	PCSK7
5130	PCYT1A
11333	PDAP1
11235	PDCD10
80380	PDCD1LG2
5134	PDCD2
84306	PDCD2L
9141	PDCD5
10016	PDCD6
10015	PDCD6IP
10081	PDCD7
5082	PDCL
132954	PDCL2
10846	PDE10A
201626	PDE12
5137	PDE1C
5140	PDE3B
5144	PDE4D
8654	PDE5A
5158	PDE6B
5150	PDE7A
27115	PDE7B
5151	PDE8A
64146	PDF
56034	PDGFC
80310	PDGFD
5156	PDGFRA
5157	PDGFRL
5161	PDHA2
5162	PDHB
8050	PDHX
9601	PDIA4
10954	PDIA5
204474	PDILT
5166	PDK4
64236	PDLIM2
27295	PDLIM3
8572	PDLIM4
10611	PDLIM5
54704	PDP1
57546	PDP2
5170	PDPK1
55066	PDPR
81572	PDRG1
23244	PDS5A
57107	PDSS2
23042	PDXDC1
5173	PDYN
23037	PDZD2
255762	PDZD9
23024	PDZRN3
79834	PEAK1
157310	PEBP4
23089	PEG10
246330	PELI3
53918	PELO
10400	PEMT
5179	PENK
5184	PEPD
64065	PERP
100303755	PET117
5189	PEX1
8800	PEX11A
5193	PEX12
5828	PEX2
8504	PEX3
51555	PEX5L
5191	PEX7
5196	PF4
5197	PF4V1
5201	PFDN1
5203	PFDN4
10471	PFDN6
5209	PFKFB3
5210	PFKFB4
5214	PFKP
5217	PFN2
643834	PGA3
643847	PGA4
5222	PGA5
84547	PGBD1
5232	PGK2
55276	PGM2
5239	PGM5
283871	PGP
145814	PGPEP1L
5241	PGR
10424	PGRMC2
9749	PHACTR2
116154	PHACTR3
51808	PHAX
80012	PHC3
5252	PHF1
55274	PHF10
51131	PHF11
57649	PHF12
9678	PHF14
26147	PHF19
5253	PHF2
51230	PHF20
51105	PHF20L1
23469	PHF3
51533	PHF7
55023	PHIP
5257	PHKB
5261	PHKG2
23187	PHLDB1
90102	PHLDB2
23035	PHLPP2
8929	PHOX2B
29085	PHPT1
5264	PHYH
254295	PHYHD1
9796	PHYHIP
51050	PI15
221476	PI16
5266	PI3
55300	PI4K2B
8554	PIAS1
9063	PIAS2
10464	PIBF1
8301	PICALM
9780	PIEZO1
63895	PIEZO2
80119	PIF1
9488	PIGB
54872	PIGG
84720	PIGO
94005	PIGS
51604	PIGT
128869	PIGU
284098	PIGW
54965	PIGX
84992	PIGY
80235	PIGZ
120379	PIH1D2
5289	PIK3C3
5290	PIK3CA
5291	PIK3CB
5294	PIK3CG
30849	PIK3R4
29992	PILRA
29990	PILRB
5292	PIM1
54984	PINX1
5304	PIP
5305	PIP4K2A
8395	PIP5K1B
138429	PIP5KL1
51268	PIPOX
9600	PITPNM1
10531	PITRM1
5307	PITX1
5308	PITX2
55124	PIWIL2
143689	PIWIL4
5310	PKD1
114780	PKD1L2
342372	PKD1L3
5311	PKD2
27039	PKD2L2
5314	PKHD1
93035	PKHD1L1
5569	PKIA
5570	PKIB
11142	PKIG
5315	PKM
9088	PKMYT1
29941	PKN3
63876	PKNOX2
51365	PLA1A
8399	PLA2G10
81579	PLA2G12A
23659	PLA2G15
7941	PLA2G7
9373	PLAA
51316	PLAC8
5324	PLAG1
5325	PLAGL1
5326	PLAGL2
5327	PLAT
23236	PLCB1
5331	PLCB3
5332	PLCB4
5333	PLCD1
5335	PLCG1
5336	PLCG2
23007	PLCH1
23228	PLCL2
257068	PLCXD2
345557	PLCXD3
5337	PLD1
201164	PLD6
5339	PLEC
59339	PLEKHA2
84725	PLEKHA8
79156	PLEKHF1
79666	PLEKHF2
57480	PLEKHG1
25894	PLEKHG4
153478	PLEKHG4B
80301	PLEKHO2
5340	PLG
55848	PLGRKT
5346	PLIN1
123	PLIN2
5347	PLK1
10769	PLK2
10733	PLK4
51090	PLLP
5350	PLN
8985	PLOD3
5356	PLRG1
5357	PLS1
5360	PLTP
84898	PLXDC2
5361	PLXNA1
91584	PLXNA4
5364	PLXNB1
23129	PLXND1
56937	PMEPA1
83449	PMFBP1
5371	PML
5373	PMM2
5375	PMP2
23203	PMPCA
9512	PMPCB
154197	PNLDC1
10687	PNMA2
5368	PNOC
285848	PNPLA1
375775	PNPLA7
50640	PNPLA8
25886	POC1A
5420	PODXL
50512	PODXL2
23509	POFUT1
56983	POGLUT1
23649	POLA2
5423	POLB
57804	POLD4
26073	POLDIP2
54107	POLE3
5428	POLG
11201	POLI
353497	POLN
10721	POLQ
64425	POLR1E
5431	POLR2B
5432	POLR2C
5436	POLR2G
5437	POLR2H
5439	POLR2J
246721	POLR2J2
548644	POLR2J3
5440	POLR2K
81488	POLR2M
661	POLR3D
55718	POLR3E
10621	POLR3F
94026	POM121L2
10585	POMT1
5444	PON1
5445	PON2
5446	PON3
10940	POP1
10775	POP4
10248	POP7
64091	POPDC2
25913	POT1
340441	POTEA
388468	POTEC
5449	POU1F1
5450	POU2AF1
25833	POU2F3
5457	POU4F1
5458	POU4F2
5462	POU5F1B
151649	PP2D1
27068	PPA2
5467	PPARD
5468	PPARG
10891	PPARGC1A
5471	PPAT
5473	PPBP
60490	PPCDC
5470	PPEF2
8495	PPFIBP2
5479	PPIB
5480	PPIC
5481	PPID
51645	PPIL1
85313	PPIL4
285755	PPIL6
5493	PPL
152926	PPM1K
151742	PPM1L
132160	PPM1M
5499	PPP1CA
5514	PPP1R10
6992	PPP1R11
26472	PPP1R14B
81706	PPP1R14C
84988	PPP1R16A
26051	PPP1R16B
10842	PPP1R17
170954	PPP1R18
5504	PPP1R2
9858	PPP1R26
221908	PPP1R35
5506	PPP1R3A
79660	PPP1R3B
286187	PPP1R42
55607	PPP1R9A
5515	PPP2CA
5516	PPP2CB
5519	PPP2R1B
5520	PPP2R2A
5522	PPP2R2C
5523	PPP2R3A
5526	PPP2R5B
5530	PPP3CA
5533	PPP3CC
5535	PPP3R2
5531	PPP4C
9989	PPP4R1
151987	PPP4R2
5537	PPP6C
9374	PPT2
23398	PPWD1
9055	PRC1
639	PRDM1
56980	PRDM10
59335	PRDM12
63978	PRDM14
11107	PRDM5
93166	PRDM6
11105	PRDM7
56978	PRDM8
56979	PRDM9
25824	PRDX5
57580	PREX1
80243	PREX2
5553	PRG2
10394	PRG3
5558	PRIM2
5562	PRKAA1
5568	PRKACG
51422	PRKAG2
5576	PRKAR2A
5577	PRKAR2B
5579	PRKCB
5580	PRKCD
5584	PRKCI
5588	PRKCQ
5591	PRKDC
5593	PRKG2
79706	PRKRIP1
5617	PRL
5618	PRLR
5619	PRM1
5620	PRM2
58531	PRM3
54496	PRMT7
23627	PRND
5621	PRNP
389333	PROB1
147011	PROCA1
10544	PROCR
60675	PROK2
128674	PROKR2
8842	PROM1
5627	PROS1
254427	PROSER2
8559	PRPF18
27339	PRPF19
9128	PRPF4
221823	PRPS1L1
5636	PRPSAP2
78994	PRR14
222171	PRR15
285800	PRR18
122183	PRR20A
729233	PRR20B
729240	PRR20C
729246	PRR20D
729250	PRR20E
729627	PRR23A
389151	PRR23B
389152	PRR23C
80742	PRR3
79899	PRR5L
133619	PRRC1
7916	PRRC2A
84726	PRRC2B
79056	PRRG4
80863	PRRT1
112476	PRRT2
285368	PRRT3
401399	PRRT4
51450	PRRX2
5644	PRSS1
8492	PRSS12
10279	PRSS16
10942	PRSS21
64063	PRSS22
11098	PRSS23
83886	PRSS27
5646	PRSS3
260429	PRSS33
146547	PRSS36
360226	PRSS41
345062	PRSS48
29122	PRSS50
346702	PRSS51
339105	PRSS53
221191	PRSS54
203074	PRSS55
136541	PRSS58
5652	PRSS8
283659	PRTG
158471	PRUNE2
768239	PSAPL1
29968	PSAT1
8000	PSCA
84249	PSD2
23362	PSD3
55851	PSENEN
11168	PSIP1
5681	PSKH1
5682	PSMA1
5685	PSMA4
143471	PSMA8
5689	PSMB1
5699	PSMB10
5695	PSMB7
5696	PSMB8
5698	PSMB9
5701	PSMC2
5717	PSMD11
5708	PSMD2
5711	PSMD5
5713	PSMD7
9491	PSMF1
56984	PSMG2
9051	PSTPIP1
9050	PSTPIP2
375743	PTAR1
9991	PTBP3
26024	PTCD1
5727	PTCH1
374308	PTCHD3
442213	PTCHD4
9791	PTDSS1
9317	PTER
256297	PTF1A
11251	PTGDR2
5730	PTGDS
5734	PTGER4
9536	PTGES
80142	PTGES2
5740	PTGIS
22949	PTGR1
5742	PTGS1
5741	PTH
5745	PTH1R
5747	PTK2
2185	PTK2B
5764	PTN
7803	PTP4A1
11156	PTP4A3
138639	PTPDC1
5770	PTPN1
5783	PTPN13
5771	PTPN2
25930	PTPN23
5774	PTPN3
5780	PTPN9
5786	PTPRA
5790	PTPRCAP
5789	PTPRD
5793	PTPRG
5796	PTPRK
5797	PTPRM
5799	PTPRN2
11122	PTPRT
5803	PTPRZ1
138428	PTRH1
5805	PTS
10744	PTTG2
5806	PTX3
22827	PUF60
5813	PURA
29942	PURG
83480	PUS3
54517	PUS7
79037	PVRIG
137902	PXDNL
54899	PXK
11264	PXMP4
222659	PXT1
29108	PYCARD
260434	PYDC1
152138	PYDC2
5834	PYGB
5837	PYGM
26108	PYGO1
100996939	PYURF
5860	QDPR
9444	QKI
23475	QPRT
347148	QRFP
84109	QRFPR
54870	QRICH1
55278	QRSL1
79832	QSER1
169714	QSOX2
203069	R3HCC1
140902	R3HDML
8766	RAB11A
80223	RAB11FIP1
84440	RAB11FIP4
201475	RAB12
51552	RAB14
22931	RAB18
401409	RAB19
81876	RAB1B
57403	RAB22A
51715	RAB23
25837	RAB26
5873	RAB27A
5874	RAB27B
9364	RAB28
5862	RAB2A
27314	RAB30
11031	RAB31
10981	RAB32
83452	RAB33B
83871	RAB34
23682	RAB38
54734	RAB39A
115827	RAB3C
5866	RAB3IL1
339122	RAB43
401258	RAB44
5868	RAB5A
51560	RAB6B
7879	RAB7A
51762	RAB8B
79874	RABEP2
10244	RABEPK
23637	RABGAP1
285282	RABL3
55684	RABL6
5879	RAC1
5810	RAD1
56852	RAD18
5885	RAD21
642636	RAD21L1
10111	RAD50
5892	RAD51D
25788	RAD54B
23132	RAD54L2
5883	RAD9A
8480	RAE1
135250	RAET1E
353091	RAET1G
154064	RAET1L
5894	RAF1
5896	RAG1
5897	RAG2
10743	RAI1
26064	RAI14
10928	RALBP1
57186	RALGAPA2
57148	RALGAPB
5900	RALGDS
9649	RALGPS1
22913	RALY
57610	RANBP10
202151	RANBP3L
26953	RANBP6
5910	RAP1GDS1
5911	RAP2A
5912	RAP2B
2889	RAPGEF1
9693	RAPGEF2
9771	RAPGEF5
51735	RAPGEF6
5915	RARB
5918	RARRES1
5919	RARRES2
5922	RASA2
22821	RASA3
10156	RASA4
100271927	RASA4B
51655	RASD1
158158	RASEF
153020	RASGEF1B
5923	RASGRF1
10235	RASGRP2
91608	RASL10B
65997	RASL11B
51285	RASL12
11186	RASSF1
9770	RASSF2
166824	RASSF6
5925	RB1
9821	RB1CC1
5930	RBBP6
5932	RBBP8
10741	RBBP9
10616	RBCK1
54715	RBFOX1
5933	RBL1
5934	RBL2
10137	RBM12
389677	RBM12B
10432	RBM14
29890	RBM15B
84991	RBM17
92400	RBM18
221662	RBM24
64062	RBM26
55131	RBM28
155435	RBM33
55544	RBM38
9584	RBM39
5936	RBM4
79171	RBM42
166863	RBM46
54502	RBM47
84060	RBM48
83759	RBM4B
10181	RBM5
10180	RBM6
10179	RBM7
27303	RBMS3
27288	RBMXL2
5947	RBP1
5948	RBP2
3516	RBPJ
11317	RBPJL
11030	RBPMS
348093	RBPMS2
54542	RC3H2
10231	RCAN2
55213	RCBTB1
1102	RCBTB2
91433	RCCD1
9986	RCE1
25898	RCHY1
10171	RCL1
5954	RCN1
5955	RCN2
283248	RCOR2
157506	RDH10
201299	RDM1
5962	RDX
8434	RECK
9401	RECQL4
51308	REEP2
80346	REEP4
5970	RELA
768211	RELL1
5649	RELN
28954	REM1
29803	REPIN1
85021	REPS1
5978	REST
84666	RETNLB
5980	REV3L
25996	REXO2
57109	REXO4
5981	RFC1
5984	RFC4
117584	RFFL
55312	RFK
442247	RFPL4B
91869	RFT1
23180	RFTN1
55159	RFWD3
5991	RFX3
222546	RFX6
64864	RFX7
28984	RGCC
5863	RGL2
56963	RGMA
9827	RGP1
6002	RGS12
26575	RGS17
8601	RGS20
26166	RGS22
5998	RGS3
401190	RGS7BP
388531	RGS9BP
6005	RHAG
162494	RHBDL3
51458	RHCG
6009	RHEB
6010	RHO
387	RHOA
23221	RHOBTB2
29984	RHOD
399	RHOH
55288	RHOT1
114822	RHPN1
85415	RHPN2
79608	RIC3
253260	RICTOR
22999	RIMS1
9699	RIMS2
140730	RIMS4
9610	RIN1
54453	RIN2
6015	RING1
60561	RINT1
8780	RIOK3
8767	RIPK2
6014	RIT2
6017	RLBP1
6013	RLN1
6019	RLN2
80010	RMI1
116028	RMI2
55005	RMND1
79621	RNASEH2B
84153	RNASEH2C
8635	RNASET2
54778	RNF111
7732	RNF112
140432	RNF113B
55905	RNF114
79845	RNF122
63891	RNF123
54941	RNF125
11342	RNF13
168433	RNF133
84282	RNF135
51444	RNF138
11236	RNF139
50862	RNF141
255488	RNF144B
81847	RNF146
378925	RNF148
57484	RNF150
115992	RNF166
165918	RNF168
81790	RNF170
285533	RNF175
285671	RNF180
138065	RNF183
25897	RNF19A
56254	RNF20
727800	RNF208
285498	RNF212
257160	RNF214
154214	RNF217
643596	RNF224
11237	RNF24
79102	RNF26
140545	RNF32
152006	RNF38
80352	RNF39
6047	RNF4
9810	RNF40
6048	RNF5
9616	RNF7
9025	RNF8
8731	RNMT
10921	RNPS1
6091	ROBO1
6092	ROBO2
64221	ROBO3
54538	ROBO4
6093	ROCK1
79641	ROGDI
6094	ROM1
140823	ROMO1
54763	ROPN1
152015	ROPN1B
83853	ROPN1L
4920	ROR2
6095	RORA
6096	RORB
6098	ROS1
6101	RP1
94137	RP1L1
6119	RPA3
84154	RPF2
23322	RPGRIP1L
4736	RPL10A
6136	RPL12
6137	RPL13
9045	RPL14
6138	RPL15
6139	RPL17
200916	RPL22L1
6147	RPL23A
6152	RPL24
6157	RPL27A
6159	RPL29
6156	RPL30
6161	RPL32
6164	RPL34
11224	RPL35
6165	RPL35A
6167	RPL37
116832	RPL39L
6124	RPL4
6129	RPL7
6130	RPL7A
6132	RPL8
6133	RPL9
6176	RPLP1
6184	RPN1
6185	RPN2
11102	RPP14
79897	RPP21
54913	RPP25
138716	RPP25L
10557	RPP38
55197	RPRD1A
58490	RPRD1B
6204	RPS10
6206	RPS12
6210	RPS15A
6218	RPS17
6222	RPS18
6224	RPS20
6230	RPS25
51065	RPS27L
6189	RPS3A
6194	RPS6
6196	RPS6KA2
8986	RPS6KA4
6199	RPS6KB2
3921	RPSA
285367	RPUSD3
84881	RPUSD4
6236	RRAD
10670	RRAGA
22800	RRAS2
6238	RRBP1
10692	RRH
6240	RRM1
50484	RRM2B
54700	RRN3
23378	RRP8
9136	RRP9
23212	RRS1
26156	RSL1D1
51187	RSL24D1
728194	RSPH10B2
83861	RSPH3
345895	RSPH4A
221421	RSPH9
340419	RSPO2
84870	RSPO3
343637	RSPO4
89970	RSPRY1
51319	RSRC1
6251	RSU1
10313	RTN3
84816	RTN4IP1
349667	RTN4RL2
132112	RTP1
344892	RTP2
83597	RTP3
64108	RTP4
22902	RUFY3
154661	RUNDC3B
862	RUNX1T1
860	RUNX2
9853	RUSC2
8607	RUVBL1
51389	RWDD1
201965	RWDD4
59350	RXFP1
51289	RXFP3
6256	RXRA
6257	RXRB
23429	RYBP
6259	RYK
6286	S100P
29901	SAC3D1
22908	SACM1L
6299	SALL1
57167	SALL4
401474	SAMD12
154075	SAMD3
389432	SAMD5
344658	SAMD7
54809	SAMD9
219285	SAMD9L
25939	SAMHD1
100316904	SAP25
8819	SAP30
401251	SAPCD1
89958	SAPCD2
51128	SAR1B
1757	SARDH
23098	SARM1
9092	SART1
23328	SASH1
6304	SATB1
55776	SAYSD1
81846	SBF2
388228	SBK1
374897	SBSN
157869	SBSPON
6309	SC5D
22828	SCAF8
286205	SCAI
10066	SCAMP2
192683	SCAMP5
51282	SCAND1
114821	SCAND3
22937	SCAP
49855	SCAPER
51435	SCARA3
286133	SCARA5
950	SCARB2
79966	SCD5
8796	SCEL
152579	SCFD2
29106	SCG3
7356	SCGB1A1
10648	SCGB1D1
10647	SCGB1D2
404552	SCGB1D4
4246	SCGB2A1
4250	SCGB2A2
284402	SCGB2B2
10590	SCGN
29970	SCHIP1
85477	SCIN
132320	SCLT1
256380	SCML4
6336	SCN10A
11280	SCN11A
6324	SCN1B
6327	SCN2B
55800	SCN3B
6330	SCN4B
6331	SCN5A
6338	SCNN1B
6340	SCNN1G
60592	SCOC
140856	SCP2D1
11341	SCRG1
23513	SCRIB
9805	SCRN1
83482	SCRT1
85508	SCRT2
57758	SCUBE2
222663	SCUBE3
57410	SCYL1
55153	SDAD1
6383	SDC2
6385	SDC4
6386	SDCBP
27111	SDCBP2
6388	SDF2
6389	SDHA
54949	SDHAF2
6392	SDHD
195814	SDR16C5
93517	SDR42E1
100288072	SDR42E2
23478	SEC11A
6396	SEC13
9717	SEC14L5
9919	SEC16A
26984	SEC22A
9117	SEC22C
10483	SEC23B
10802	SEC24A
10427	SEC24B
9871	SEC24D
22872	SEC31A
29927	SEC61A1
55176	SEC61A2
10952	SEC61B
7095	SEC62
11231	SEC63
79048	SECISBP2
81929	SEH1L
80343	SEL1L2
23231	SEL1L3
10371	SEMA3A
7869	SEMA3B
10512	SEMA3C
223117	SEMA3D
9723	SEMA3E
6405	SEMA3F
56920	SEMA3G
10509	SEMA4B
10507	SEMA4D
9037	SEMA5A
54437	SEMA5B
8482	SEMA7A
6406	SEMG1
6407	SEMG2
59343	SENP2
205564	SENP5
26054	SENP6
57337	SENP7
123228	SENP8
22929	SEPHS1
22928	SEPHS2
51091	SEPSECS
84947	SERAC1
57515	SERINC1
10955	SERINC3
27230	SERP1
387923	SERP2
5054	SERPINE1
647174	SERPINE3
710	SERPING1
5274	SERPINI1
5276	SERPINI2
27244	SESN1
143686	SESN3
6418	SET
26040	SETBP1
9739	SETD1A
29072	SETD2
55209	SETD5
79918	SETD6
80854	SETD7
133383	SETD9
83852	SETDB2
6419	SETMAR
23064	SETX
124925	SEZ6
26470	SEZ6L2
7536	SF1
10992	SF3B2
23450	SF3B3
83443	SF3B5
51460	SFMBT1
57713	SFMBT2
6422	SFRP1
6423	SFRP2
113402	SFT2D1
6440	SFTPC
6443	SGCB
8910	SGCE
137868	SGCZ
6446	SGK1
10110	SGK2
23678	SGK3
166929	SGMS2
25970	SH2B1
10603	SH2B2
10044	SH2D3C
63898	SH2D4A
646892	SH2D7
83699	SH3BGRL2
6452	SH3BP2
9467	SH3BP5
152503	SH3D19
6456	SH3GL2
6457	SH3GL3
56904	SH3GLB2
57630	SH3RF1
54436	SH3TC1
81858	SHARPIN
6461	SHB
53358	SHC3
79801	SHCBP1
6469	SHH
152573	SHISA3
51246	SHISA5
729993	SHISA9
6470	SHMT1
6474	SHOX2
257218	SHPRH
55164	SHQ1
134549	SHROOM1
57619	SHROOM3
6476	SI
54414	SIAE
6477	SIAH1
6478	SIAH2
283514	SIAH3
54847	SIDT1
51092	SIDT2
284266	SIGLEC15
10280	SIGMAR1
23235	SIK2
23387	SIK3
64374	SIL1
25942	SIN3A
6494	SIPA1
140885	SIRPA
10326	SIRPB1
284759	SIRPB2
128646	SIRPD
55423	SIRPG
27240	SIT1
220134	SKA1
8935	SKAP2
387640	SKIDA1
6498	SKIL
390598	SKOR1
652991	SKOR2
6500	SKP1
6502	SKP2
6503	SLA
84174	SLA2
122060	SLAIN1
57606	SLAIN2
7884	SLBP
201780	SLC10A4
347051	SLC10A5
345274	SLC10A6
84068	SLC10A7
6558	SLC12A2
6559	SLC12A3
6560	SLC12A4
57468	SLC12A5
10723	SLC12A7
84561	SLC12A8
56996	SLC12A9
6561	SLC13A1
9058	SLC13A2
64849	SLC13A3
26266	SLC13A4
6563	SLC14A1
8170	SLC14A2
6564	SLC15A1
6565	SLC15A2
51296	SLC15A3
117247	SLC16A10
6568	SLC17A1
10246	SLC17A2
10786	SLC17A3
10050	SLC17A4
26503	SLC17A5
6570	SLC18A1
116843	SLC18B1
6505	SLC1A1
6506	SLC1A2
6507	SLC1A3
6575	SLC20A2
6580	SLC22A1
387775	SLC22A10
55867	SLC22A11
116085	SLC22A12
9390	SLC22A13
9389	SLC22A14
6582	SLC22A2
283238	SLC22A24
387601	SLC22A25
6581	SLC22A3
146429	SLC22A31
6583	SLC22A4
6584	SLC22A5
9356	SLC22A6
9376	SLC22A8
114571	SLC22A9
9963	SLC23A1
9962	SLC23A2
9187	SLC24A1
25769	SLC24A2
57419	SLC24A3
10165	SLC25A13
788	SLC25A20
114789	SLC25A25
115286	SLC25A26
9481	SLC25A27
253512	SLC25A30
83447	SLC25A31
81034	SLC25A32
55186	SLC25A36
51312	SLC25A37
54977	SLC25A38
291	SLC25A4
55972	SLC25A40
283130	SLC25A45
153328	SLC25A48
92014	SLC25A51
147407	SLC25A52
10861	SLC26A1
1811	SLC26A3
5172	SLC26A4
375611	SLC26A5
65010	SLC26A6
115111	SLC26A7
116369	SLC26A8
11001	SLC27A2
10999	SLC27A4
28965	SLC27A6
9154	SLC28A1
64078	SLC28A3
2030	SLC29A1
3177	SLC29A2
81031	SLC2A10
154091	SLC2A12
6514	SLC2A2
11182	SLC2A6
29988	SLC2A8
56606	SLC2A9
169026	SLC30A8
10463	SLC30A9
1317	SLC31A1
1318	SLC31A2
140679	SLC32A1
9197	SLC33A1
10568	SLC34A2
142680	SLC34A3
113829	SLC35A4
55032	SLC35A5
347734	SLC35B2
84912	SLC35B4
51006	SLC35C2
11046	SLC35D2
340146	SLC35D3
222553	SLC35F1
54733	SLC35F2
80723	SLC35G2
146861	SLC35G3
83650	SLC35G5
120103	SLC36A4
219855	SLC37A2
84255	SLC37A3
2542	SLC37A4
10991	SLC38A3
55238	SLC38A7
146167	SLC38A8
153129	SLC38A9
221074	SLC39A12
23516	SLC39A14
55630	SLC39A4
25800	SLC39A6
7922	SLC39A7
64116	SLC39A8
6520	SLC3A2
54946	SLC41A3
8501	SLC43A1
29015	SLC43A3
80736	SLC44A4
51151	SLC45A2
57210	SLC45A4
113235	SLC46A1
57864	SLC46A2
55244	SLC47A1
146802	SLC47A2
83959	SLC4A11
6522	SLC4A2
8671	SLC4A4
9497	SLC4A7
83697	SLC4A9
200931	SLC51A
123264	SLC51B
79581	SLC52A2
113278	SLC52A3
125206	SLC5A10
115584	SLC5A11
159963	SLC5A12
6524	SLC5A2
6529	SLC6A1
6538	SLC6A11
348932	SLC6A18
340024	SLC6A19
6530	SLC6A2
54716	SLC6A20
6531	SLC6A3
6532	SLC6A4
6533	SLC6A6
56301	SLC7A10
23657	SLC7A11
57709	SLC7A14
6542	SLC7A2
8140	SLC7A5
9057	SLC7A6
84138	SLC7A6OS
11136	SLC7A9
6550	SLC9A3
6553	SLC9A5
23315	SLC9A8
285195	SLC9A9
150159	SLC9B1
133308	SLC9B2
285335	SLC9C1
6578	SLCO2A1
28232	SLCO3A1
81796	SLCO5A1
91607	SLFN11
55106	SLFN12
100506736	SLFN12L
146857	SLFN13
342618	SLFN14
162394	SLFN5
9353	SLIT2
114798	SLITRK1
22865	SLITRK3
26050	SLITRK5
84189	SLITRK6
7871	SLMAP
6588	SLN
6590	SLPI
79811	SLTM
57152	SLURP1
548593	SLX1A
79008	SLX1B
84464	SLX4
128710	SLX4IP
4086	SMAD1
4087	SMAD2
4088	SMAD3
4089	SMAD4
4090	SMAD5
4091	SMAD6
4092	SMAD7
60682	SMAP1
6595	SMARCA2
8467	SMARCA5
56916	SMARCAD1
6599	SMARCC1
6604	SMARCD3
10051	SMC4
23137	SMC5
23347	SMCHD1
255798	SMCO1
56935	SMCO4
140775	SMCR8
23049	SMG1
201895	SMIM14
643155	SMIM15
100507341	SMIM18
114926	SMIM19
79024	SMIM2
389203	SMIM20
440335	SMIM22
100287482	SMKR1
100507203	SMLR1
6608	SMO
64094	SMOC2
54498	SMOX
6609	SMPD1
6610	SMPD2
55512	SMPD3
10924	SMPDL3A
26952	SMR3A
10879	SMR3B
219537	SMTNL1
55234	SMU1
57154	SMURF1
6615	SNAI1
6591	SNAI2
333929	SNAI3
6616	SNAP25
6619	SNAPC3
6621	SNAPC4
10302	SNAPC5
6622	SNCA
27044	SND1
8303	SNN
9751	SNPH
54861	SNRK
6627	SNRPA1
6628	SNRPB
6629	SNRPB2
6631	SNRPC
6632	SNRPD1
6640	SNTA1
6641	SNTB1
6645	SNTB2
54212	SNTG1
132203	SNTN
10073	SNUPN
6642	SNX1
29887	SNX10
23161	SNX13
29907	SNX15
112574	SNX18
399979	SNX19
124460	SNX20
90203	SNX21
79856	SNX22
28966	SNX24
83891	SNX25
92017	SNX29
8724	SNX3
401548	SNX30
169166	SNX31
254122	SNX32
257364	SNX33
8723	SNX4
27131	SNX5
51429	SNX9
55084	SOBP
8651	SOCS1
6648	SOD2
6649	SOD3
402381	SOHLH1
8470	SORBS2
10174	SORBS3
57537	SORCS2
6653	SORL1
25928	SOSTDC1
134548	SOWAHA
345079	SOWAHB
6666	SOX12
8403	SOX14
64321	SOX17
6657	SOX2
11166	SOX21
6659	SOX4
55553	SOX6
83595	SOX7
6671	SP4
221833	SP8
53340	SPA17
124912	SPACA3
6674	SPAG1
653423	SPAG11A
10407	SPAG11B
6676	SPAG4
10615	SPAG5
9576	SPAG6
26206	SPAG8
6677	SPAM1
8404	SPARCL1
353324	SPATA12
83893	SPATA16
132671	SPATA18
219938	SPATA19
9825	SPATA2
202051	SPATA24
128497	SPATA25
124044	SPATA2L
647060	SPATA31A1
727830	SPATA31A3
727905	SPATA31A5
389730	SPATA31A6
26165	SPATA31A7
441452	SPATA31C1
389763	SPATA31D1
389762	SPATA31D3
389761	SPATA31D4
286234	SPATA31E1
124045	SPATA33
132851	SPATA4
55064	SPATA6L
375686	SPATC1
221409	SPATS1
28972	SPCS1
60559	SPCS3
25803	SPDEF
387778	SPDYC
441273	SPDYE2
100310812	SPDYE2B
441272	SPDYE3
92521	SPECC1
25876	SPEF1
79925	SPEF2
246777	SPESP1
51324	SPG21
6687	SPG7
152185	SPICE1
23514	SPIDR
10927	SPIN1
6691	SPINK2
27290	SPINK4
646424	SPINK8
10816	SPINT3
391253	SPINT4
56907	SPIRE1
84501	SPIRE2
6693	SPN
83985	SPNS1
23626	SPO11
6695	SPOCK1
50859	SPOCK3
10418	SPON1
10417	SPON2
6696	SPP1
84888	SPPL2A
10252	SPRY1
10253	SPRY2
57213	SPRYD7
92369	SPSB4
6709	SPTAN1
6712	SPTBN2
10558	SPTLC1
55304	SPTLC3
165679	SPTSSB
6713	SQLE
10011	SRA1
6714	SRC
10847	SRCAP
6715	SRD5A1
79644	SRD5A3
6720	SREBF1
285672	SREK1IP1
9901	SRGAP3
6717	SRI
6345	SRL
6731	SRP72
6732	SRPK1
6733	SRPK2
58477	SRPRB
23524	SRRM2
51593	SRRT
6428	SRSF3
6431	SRSF6
10929	SRSF8
140809	SRXN1
6760	SS18
51188	SS18L2
6742	SSBP1
85464	SSH2
54961	SSH3
136263	SSMEM1
8636	SSNA1
6747	SSR3
6749	SSRP1
6750	SST
6754	SSTR4
51066	SSUH2
6768	ST14
9705	ST18
6482	ST3GAL1
6483	ST3GAL2
6484	ST3GAL4
10402	ST3GAL6
6480	ST6GAL1
27090	ST6GALNAC4
30815	ST6GALNAC6
7982	ST7
8128	ST8SIA2
29906	ST8SIA5
338596	ST8SIA6
23166	STAB1
6769	STAC
10274	STAG1
10734	STAG3
8027	STAM
26228	STAP1
6770	STAR
80765	STARD5
147323	STARD6
6779	STATH
6780	STAU1
27067	STAU2
6781	STC1
26872	STEAP1
256227	STEAP1B
261729	STEAP2
79689	STEAP4
57620	STIM2
10963	STIP1
8859	STK19
8428	STK24
6788	STK3
56164	STK31
55351	STK32B
65975	STK33
140901	STK35
11329	STK38
6789	STK4
11075	STMN2
81551	STMN4
401236	STMND1
2040	STOM
9399	STOML1
30968	STOML2
56977	STOX2
285555	STPG2
64220	STRA6
346673	STRA8
55342	STRBP
57464	STRIP2
3703	STT3A
201595	STT3B
8676	STX11
8675	STX16
55014	STX17
53407	STX18
415117	STX19
112755	STX1B
6809	STX3
6810	STX4
6811	STX5
8417	STX7
6812	STXBP1
134957	STXBP5
9515	STXBP5L
10923	SUB1
8803	SUCLA2
8801	SUCLG2
56670	SUCNR1
10910	SUGT1
23213	SULF1
55959	SULF2
6817	SULT1A1
6799	SULT1A2
6818	SULT1A3
445329	SULT1A4
27284	SULT1B1
6783	SULT1E1
285362	SUMF1
387082	SUMO4
140732	SUN5
8464	SUPT3H
6830	SUPT6H
6834	SURF1
6835	SURF2
6836	SURF4
6838	SURF6
64420	SUSD1
203328	SUSD3
26032	SUSD5
79723	SUV39H2
23512	SUZ12
9899	SV2B
79987	SVEP1
6840	SVIL
136306	SVOPL
23075	SWAP70
375757	SWI5
55638	SYBU
100130958	SYCE1L
10388	SYCP2
6850	SYK
6854	SYN2
79953	SYNDIG1
23345	SYNE1
8831	SYNGAP1
8871	SYNJ2
23336	SYNM
171024	SYNPO2
132204	SYNPR
11276	SYNRG
6856	SYPL1
90196	SYS1
91683	SYT12
51760	SYT17
6860	SYT4
9066	SYT7
143425	SYT9
54843	SYTL2
94120	SYTL3
84447	SYVN1
134864	TAAR1
9287	TAAR2
9038	TAAR5
319100	TAAR6
83551	TAAR8
134860	TAAR9
23118	TAB2
6863	TAC1
6867	TACC1
10460	TACC3
6870	TACR3
6871	TADA2A
93624	TADA2B
10474	TADA3
6881	TAF10
6882	TAF11
8148	TAF15
9013	TAF1C
79101	TAF1D
138474	TAF1L
6873	TAF2
83860	TAF3
6875	TAF4B
6878	TAF6
10629	TAF6L
117289	TAGAP
6876	TAGLN
29114	TAGLN3
132001	TAMM41
79613	TANGO6
57551	TAOK1
9344	TAOK2
6890	TAP1
6891	TAP2
6892	TAPBP
202018	TAPT1
50834	TAS2R1
50833	TAS2R16
50831	TAS2R3
259285	TAS2R39
50832	TAS2R4
259286	TAS2R40
259287	TAS2R41
54429	TAS2R5
338398	TAS2R60
55617	TASP1
6898	TAT
83940	TATDN1
9797	TATDN2
8887	TAX1BP1
23216	TBC1D1
26000	TBC1D10B
374403	TBC1D10C
54662	TBC1D13
57533	TBC1D14
55296	TBC1D19
55357	TBC1D2
128637	TBC1D20
161514	TBC1D21
55633	TBC1D22B
55773	TBC1D23
57465	TBC1D24
254272	TBC1D28
23102	TBC1D2B
729873	TBC1D3
93594	TBC1D31
221322	TBC1D32
414059	TBC1D3B
414060	TBC1D3C
84218	TBC1D3F
101060321	TBC1D3G
729877	TBC1D3H
9882	TBC1D4
9779	TBC1D5
23158	TBC1D9
55171	TBCCD1
219899	TBCEL
93627	TBCK
79718	TBL1XR1
6908	TBP
9519	TBPL1
84897	TBRG1
6911	TBX6
6916	TBXAS1
285343	TCAIM
6917	TCEA1
6938	TCF12
6939	TCF15
6943	TCF21
100129654	TCF24
22980	TCF25
6925	TCF4
6932	TCF7
6947	TCN1
6950	TCP1
6954	TCP11
55346	TCP11L1
6988	TCTA
202500	TCTE1
6999	TDO2
51567	TDP2
91646	TDRD12
81550	TDRD3
221400	TDRD6
23424	TDRD7
157695	TDRP
7003	TEAD1
7005	TEAD3
7006	TEC
25851	TECPR1
253017	TECRL
7007	TECTA
79736	TEFM
7010	TEK
146279	TEKT5
55714	TENM3
7013	TERF1
7014	TERF2
54386	TERF2IP
7015	TERT
26136	TES
7016	TESK1
54790	TET2
54881	TEX10
56158	TEX12
56154	TEX15
51368	TEX264
93081	TEX30
374618	TEX9
7018	TF
7021	TFAP2B
7022	TFAP2C
83741	TFAP2D
7023	TFAP4
51106	TFB1M
7027	TFDP1
7029	TFDP2
22797	TFEC
10342	TFG
7980	TFPI2
7036	TFR2
7037	TFRC
7038	TG
23483	TGDS
7041	TGFB1I1
7045	TGFBI
7046	TGFBR1
7048	TGFBR2
7050	TGIF1
60436	TGIF2
7052	TGM2
7053	TGM3
7047	TGM4
343641	TGM6
96764	TGS1
55145	THAP1
56906	THAP10
57215	THAP11
168451	THAP5
152815	THAP6
79725	THAP9
7056	THBD
7058	THBS2
51337	THEM6
387357	THEMIS
9984	THOC1
79228	THOC6
80145	THOC7
7066	THPO
7068	THRB
55901	THSD1
79875	THSD4
221981	THSD7A
55623	THUMPD1
25917	THUMPD3
7070	THY1
29087	THYN1
26230	TIAM2
90381	TICRR
92610	TIFA
497189	TIFAB
166815	TIGD2
220359	TIGD3
201798	TIGD4
84948	TIGD5
91151	TIGD7
201633	TIGIT
26519	TIMM10
26515	TIMM10B
26521	TIMM8B
51300	TIMMDC1
7079	TIMP4
27283	TINAG
25976	TIPARP
54962	TIPIN
114609	TIRAP
9414	TJP2
7084	TK2
7086	TKT
84076	TKTL2
116238	TLCD1
140711	TLDC2
7088	TLE1
7090	TLE3
7091	TLE4
7092	TLL1
7094	TLN1
83660	TLN2
7096	TLR1
81793	TLR10
7097	TLR2
7098	TLR3
7099	TLR4
10333	TLR6
54106	TLR9
83877	TM2D2
80213	TM2D3
4071	TM4SF1
116441	TM4SF18
116211	TM4SF19
7104	TM4SF4
53346	TM6SF1
7108	TM7SF2
9375	TM9SF2
9777	TM9SF4
55319	TMA16
51372	TMA7
117531	TMC1
117532	TMC2
342125	TMC3
79838	TMC5
79905	TMC7
23023	TMCC1
55002	TMCO3
55374	TMCO6
23423	TMED3
146456	TMED6
8577	TMEFF1
54664	TMEM106B
66000	TMEM108
79073	TMEM109
8834	TMEM11
283953	TMEM114
11070	TMEM115
114908	TMEM123
84233	TMEM126A
55863	TMEM126B
85013	TMEM128
92305	TMEM129
222865	TMEM130
54972	TMEM132A
124842	TMEM132E
80194	TMEM134
65084	TMEM135
51524	TMEM138
135932	TMEM139
55281	TMEM140
85014	TMEM141
55314	TMEM144
10430	TMEM147
28978	TMEM14A
441027	TMEM150C
256472	TMEM151A
441151	TMEM151B
201799	TMEM154
80008	TMEM156
25907	TMEM158
55858	TMEM165
64418	TMEM168
124491	TMEM170A
84286	TMEM175
55365	TMEM176A
28959	TMEM176B
100507421	TMEM178B
374395	TMEM179B
57583	TMEM181
55751	TMEM184C
25880	TMEM186
201931	TMEM192
256130	TMEM196
147007	TMEM199
114801	TMEM200A
645369	TMEM200C
338949	TMEM202
94107	TMEM203
131920	TMEM207
29100	TMEM208
84928	TMEM209
100505993	TMEM210
389177	TMEM212
155006	TMEM213
401498	TMEM215
51259	TMEM216
221468	TMEM217
219854	TMEM218
124446	TMEM219
79064	TMEM223
338661	TMEM225
730130	TMEM229A
29058	TMEM230
79583	TMEM231
100288797	TMEM239
85019	TMEM241
729515	TMEM242
79161	TMEM243
253582	TMEM244
340393	TMEM249
84866	TMEM25
169693	TMEM252
348013	TMEM255B
746	TMEM258
55754	TMEM30A
55161	TMEM33
55254	TMEM39A
55287	TMEM40
90407	TMEM41A
440026	TMEM41B
131616	TMEM42
79188	TMEM43
93109	TMEM44
55076	TMEM45A
120224	TMEM45B
55362	TMEM63B
169200	TMEM64
157378	TMEM65
91147	TMEM67
137695	TMEM68
54968	TMEM70
137835	TMEM71
157753	TMEM74
55321	TMEM74B
440955	TMEM89
51754	TMEM8B
27346	TMEM97
26022	TMEM98
56674	TMEM9B
7110	TMF1
259236	TMIE
388364	TMIGD1
7111	TMOD1
29767	TMOD2
29766	TMOD3
643853	TMPPE
339967	TMPRSS11A
132724	TMPRSS11B
9407	TMPRSS11D
28983	TMPRSS11E
389208	TMPRSS11F
84000	TMPRSS13
56649	TMPRSS4
80975	TMPRSS5
344805	TMPRSS7
84899	TMTC4
83590	TMUB1
51075	TMX2
56255	TMX4
3371	TNC
7124	TNF
7126	TNFAIP1
7128	TNFAIP3
388121	TNFAIP8L3
8797	TNFRSF10A
8795	TNFRSF10B
8794	TNFRSF10C
8793	TNFRSF10D
4982	TNFRSF11B
51330	TNFRSF12A
23495	TNFRSF13B
608	TNFRSF17
27242	TNFRSF21
8743	TNFSF10
8600	TNFSF11
9966	TNFSF15
944	TNFSF8
23043	TNIK
79155	TNIP2
79931	TNIP3
10188	TNK2
8658	TNKS
85456	TNKS1BP1
7134	TNNC1
7125	TNNC2
7142	TNP2
23534	TNPO3
27327	TNRC6A
7148	TNXB
146691	TOM1L2
10953	TOMM34
401505	TOMM5
54543	TOMM7
4796	TONSL
7150	TOP1
116447	TOP1MT
7155	TOP2B
7156	TOP3A
375337	TOPAZ1
11073	TOPBP1
10210	TOPORS
1861	TOR1A
27348	TOR1B
27433	TOR2A
54863	TOR4A
9760	TOX
84969	TOX2
27324	TOX3
63970	TP53AIP1
90313	TP53I13
94241	TP53INP1
58476	TP53INP2
112858	TP53RK
24150	TP53TG3
729355	TP53TG3B
653550	TP53TG3C
729264	TP53TG3D
27296	TP53TG5
8626	TP63
7163	TPD52
7164	TPD52L1
89882	TPD52L3
25941	TPGS2
27010	TPK1
7168	TPM1
7169	TPM2
7172	TPMT
1200	TPP1
7174	TPP2
11076	TPPP
51673	TPPP3
131601	TPRA1
285386	TPRG1
286262	TPRN
7178	TPT1
22974	TPX2
29896	TRA2A
6434	TRA2B
8717	TRADD
7185	TRAF1
7186	TRAF2
10758	TRAF3IP2
9618	TRAF4
7189	TRAF6
84231	TRAF7
10293	TRAIP
22906	TRAK1
23471	TRAM1
133022	TRAM1L1
9697	TRAM2
9881	TRANK1
10131	TRAP1
60684	TRAPPC11
80006	TRAPPC13
51693	TRAPPC2L
100128327	TRAPPC3L
51399	TRAPPC4
22878	TRAPPC8
83696	TRAPPC9
50852	TRAT1
1787	TRDMT1
10345	TRDN
11181	TREH
54210	TREM1
54209	TREM2
340205	TREML1
79865	TREML2
285852	TREML4
11277	TREX1
7200	TRH
7201	TRHR
10221	TRIB1
57761	TRIB3
9865	TRIL
10107	TRIM10
10206	TRIM13
9830	TRIM14
89870	TRIM15
23321	TRIM2
6737	TRIM21
10346	TRIM22
373	TRIM23
8805	TRIM24
7726	TRIM26
5987	TRIM27
23650	TRIM29
10612	TRIM3
11074	TRIM31
22954	TRIM32
53840	TRIM34
23087	TRIM35
10475	TRIM38
56658	TRIM39
89122	TRIM4
135644	TRIM40
287015	TRIM42
54765	TRIM44
79097	TRIM48
57093	TRIM49
283116	TRIM49B
642612	TRIM49C
399939	TRIM49D1
85363	TRIM5
84767	TRIM51
84675	TRIM55
81844	TRIM56
286827	TRIM59
117854	TRIM6
166655	TRIM60
391712	TRIM61
642446	TRIM64B
646754	TRIM64C
9866	TRIM66
55128	TRIM68
131405	TRIM71
493829	TRIM72
390231	TRIM77
339976	TRIML1
205860	TRIML2
7204	TRIO
9319	TRIP13
9325	TRIP4
7205	TRIP6
286144	TRIQK
93587	TRMT10A
158234	TRMT10B
54931	TRMT10C
60487	TRMT11
51504	TRMT112
55039	TRMT12
152992	TRMT44
51605	TRMT6
51095	TRNT1
8989	TRPA1
7220	TRPC1
7222	TRPC3
26133	TRPC4AP
7225	TRPC6
57113	TRPC7
80036	TRPM3
140803	TRPM6
54822	TRPM7
7227	TRPS1
83707	TRPT1
56302	TRPV5
55503	TRPV6
8295	TRRAP
26995	TRUB2
7248	TSC1
8848	TSC22D1
9819	TSC22D2
81628	TSC22D4
80746	TSEN2
254187	TSGA10IP
114960	TSGA13
128553	TSHZ2
57616	TSHZ3
203062	TSNARE1
55815	TSNAXIP1
23554	TSPAN12
27075	TSPAN13
10099	TSPAN3
340348	TSPAN33
10098	TSPAN5
222642	TSPO2
7259	TSPYL1
23270	TSPYL4
85453	TSPYL5
158427	TSTD2
54970	TTC12
151613	TTC14
158248	TTC16
55761	TTC17
199223	TTC21A
64927	TTC23
153657	TTC23L
83894	TTC29
23548	TTC33
143941	TTC36
158219	TTC39B
125488	TTC39C
283237	TTC9C
7270	TTF1
9675	TTI1
80185	TTI2
7272	TTK
158135	TTLL11
440307	TTLL13
83887	TTLL2
26140	TTLL3
164395	TTLL9
7274	TTPA
79183	TTPAL
7276	TTR
7275	TUB
79861	TUBAL3
203068	TUBB
81027	TUBB1
10381	TUBB3
10383	TUBB4B
84617	TUBB6
347688	TUBB8
51175	TUBE1
7284	TUFM
7287	TULP1
56995	TULP4
286319	TUSC1
11334	TUSC2
7991	TUSC3
64852	TUT1
780776	TVP23A
51030	TVP23B
11344	TWF2
7291	TWIST1
57045	TWSG1
7294	TXK
167838	TXLNB
7295	TXN
51061	TXNDC11
79770	TXNDC15
84203	TXNDC2
255220	TXNDC8
9352	TXNL1
54957	TXNL4B
114112	TXNRD3
7298	TYMS
7299	TYR
7306	TYRP1
199746	U2AF1L4
23350	U2SURP
55075	UACA
91373	UAP1L1
10054	UBA2
9039	UBA3
79876	UBA5
55236	UBA6
7318	UBA7
10422	UBAC1
337867	UBAC2
124402	UBALD1
51271	UBAP1
390595	UBAP1L
55833	UBAP2
84959	UBASH3B
10537	UBD
7320	UBE2B
11065	UBE2C
7322	UBE2D2
7323	UBE2D3
7324	UBE2E1
7325	UBE2E2
7328	UBE2H
3093	UBE2K
9246	UBE2L6
92912	UBE2Q2
134111	UBE2QL1
54926	UBE2R2
7335	UBE2V1
7336	UBE2V2
55284	UBE2W
9690	UBE3C
9354	UBE4A
56061	UBFD1
84993	UBL7
29855	UBN1
254048	UBN2
22888	UBOX5
7342	UBP1
29979	UBQLN1
50613	UBQLN3
143630	UBQLNL
51366	UBR5
51035	UBXN1
137886	UBXN2B
26043	UBXN7
7993	UBXN8
7345	UCHL1
7347	UCHL3
83549	UCK1
221044	UCMA
90226	UCN2
114131	UCN3
7350	UCP1
402682	UFSP1
55325	UFSP2
7357	UGCG
7358	UGDH
55757	UGGT2
10941	UGT2A1
574537	UGT2A2
79799	UGT2A3
7365	UGT2B10
10720	UGT2B11
7366	UGT2B15
7367	UGT2B17
54490	UGT2B28
7363	UGT2B4
7364	UGT2B7
133688	UGT3A1
167127	UGT3A2
7368	UGT8
115426	UHRF2
80329	ULBP1
80328	ULBP2
79465	ULBP3
9706	ULK2
25989	ULK3
54986	ULK4
7369	UMOD
7372	UMPS
9094	UNC119
10497	UNC13B
440279	UNC13C
55898	UNC45A
146862	UNC45B
8633	UNC5C
222643	UNC5CL
137970	UNC5D
54346	UNC93A
26019	UPF2
65110	UPF3A
11045	UPK1A
7348	UPK1B
7379	UPK2
7381	UQCRB
7384	UQCRC1
7385	UQCRC2
7386	UQCRFS1
27089	UQCRQ
8725	URI1
81605	URM1
131669	UROC1
79650	USB1
7392	USF2
8615	USO1
9100	USP10
8975	USP13
9097	USP14
100287144	USP17L10
100287178	USP17L11
100287205	USP17L12
100287238	USP17L13
100288520	USP17L15
100287327	USP17L17
100287364	USP17L18
100287404	USP17L19
377630	USP17L2
100287441	USP17L20
100287478	USP17L21
100287513	USP17L22
101241878	USP17L23
728369	USP17L24
728373	USP17L25
728379	USP17L26
728393	USP17L27
728400	USP17L28
728405	USP17L29
728419	USP17L30
728386	USP17L5
10869	USP19
9099	USP2
10868	USP20
23326	USP22
57646	USP28
9960	USP3
57478	USP31
84640	USP38
7375	USP4
84132	USP42
64854	USP46
55031	USP47
373509	USP50
54532	USP53
9712	USP6NL
7874	USP7
9101	USP8
10090	UST
9724	UTP14C
84294	UTP23
57050	UTP3
55813	UTP6
7402	UTRN
257313	UTS2B
57654	UVSSA
55697	VAC14
9218	VAPA
9217	VAPB
57176	VARS2
114990	VASN
57687	VAT1L
7410	VAV2
7415	VCP
80124	VCPIP1
7416	VDAC1
7419	VDAC3
7422	VEGFA
7423	VEGFB
7424	VEGFC
79674	VEPH1
7425	VGF
245806	VGLL2
389136	VGLL3
9686	VGLL4
7428	VHL
50853	VILL
7431	VIM
7432	VIP
7433	VIPR1
7434	VIPR2
79001	VKORC1
7436	VLDLR
8876	VNN1
8875	VNN2
55823	VPS11
23230	VPS13A
157680	VPS13B
54832	VPS13C
64601	VPS16
112936	VPS26B
51160	VPS28
26276	VPS33B
55737	VPS35
51028	VPS36
137492	VPS37A
55048	VPS37C
27183	VPS4A
738	VPS51
6293	VPS52
23355	VPS8
9605	VPS9D1
23584	VSIG2
342865	VSTM2B
128434	VSTM2L
387804	VSTM5
30813	VSX1
51534	VTA1
7448	VTN
146177	VWA3A
4013	VWA5A
90113	VWA5B2
80737	VWA7
23078	VWA8
220001	VWCE
221806	VWDE
51322	WAC
8976	WASL
11193	WBP4
115825	WDFY2
23001	WDFY3
9948	WDR1
116966	WDR17
57728	WDR19
253769	WDR27
114987	WDR31
22884	WDR37
401551	WDR38
9277	WDR46
57599	WDR48
151790	WDR49
11091	WDR5
348793	WDR53
54853	WDR55
79726	WDR59
54554	WDR5B
11180	WDR6
55100	WDR70
256764	WDR72
84942	WDR73
54663	WDR74
80335	WDR82
349136	WDR86
126248	WDR88
29062	WDR91
56964	WDR93
7465	WEE1
494551	WEE2
58189	WFDC1
140832	WFDC10A
280664	WFDC10B
259239	WFDC11
128488	WFDC12
164237	WFDC13
10406	WFDC2
140686	WFDC3
149708	WFDC5
140870	WFDC6
90199	WFDC8
259240	WFDC9
7466	WFS1
123720	WHAMM
644150	WIPF3
65268	WNK2
51384	WNT16
7472	WNT2
7474	WNT5A
7476	WNT7A
7478	WNT8A
7486	WRN
26118	WSB1
7490	WT1
9589	WTAP
126374	WTIP
80014	WWC2
51741	WWOX
11060	WWP2
25937	WWTR1
2829	XCR1
165904	XIRP1
114786	XKR4
389610	XKR5
286046	XKR6
343702	XKR7
389668	XKR9
7507	XPA
7508	XPC
23214	XPO6
23039	XPO7
7516	XRCC2
54464	XRN1
22803	XRN2
152002	XXYLT1
9942	XYLB
64131	XYLT1
10413	YAP1
55689	YEATS2
7525	YES1
10897	YIF1A
285525	YIPF7
10730	YME1L1
83719	YPEL3
219539	YPEL4
91746	YTHDC1
253943	YTHDF3
7529	YWHAB
7534	YWHAZ
7455	ZAN
326340	ZAR1
79740	ZBBX
79413	ZBED2
58486	ZBED5
81030	ZBP1
65986	ZBTB10
27107	ZBTB11
221527	ZBTB12
7541	ZBTB14
7704	ZBTB16
57621	ZBTB2
26137	ZBTB20
9278	ZBTB22
9841	ZBTB24
57684	ZBTB26
79842	ZBTB3
27033	ZBTB32
403341	ZBTB34
253461	ZBTB38
23099	ZBTB43
29068	ZBTB44
92999	ZBTB47
166793	ZBTB49
9925	ZBTB5
10773	ZBTB6
201501	ZBTB7C
221504	ZBTB9
51101	ZC2HC1A
153918	ZC2HC1B
85463	ZC3H12C
340152	ZC3H12D
23091	ZC3H13
124245	ZC3H18
23144	ZC3H3
29066	ZC3H7A
56829	ZC3HAV1
92092	ZC3HAV1L
51530	ZC3HC1
54819	ZCCHC10
23174	ZCCHC14
85364	ZCCHC3
29063	ZCCHC4
84186	ZCCHC7
55063	ZCWPW1
152098	ZCWPW2
29800	ZDHHC1
79844	ZDHHC11
653082	ZDHHC11B
84885	ZDHHC12
79683	ZDHHC14
131540	ZDHHC19
51201	ZDHHC2
340481	ZDHHC21
254887	ZDHHC23
254359	ZDHHC24
51304	ZDHHC3
55146	ZDHHC4
25921	ZDHHC5
55625	ZDHHC7
6935	ZEB1
10444	ZER1
79752	ZFAND1
60685	ZFAND3
7763	ZFAND5
54469	ZFAND6
57623	ZFAT
463	ZFHX3
79776	ZFHX4
162239	ZFP1
7539	ZFP37
286128	ZFP41
132625	ZFP42
346171	ZFP57
55734	ZFP64
146198	ZFP90
80829	ZFP91
7542	ZFPL1
161882	ZFPM1
23414	ZFPM2
51663	ZFR
57732	ZFYVE28
653808	ZG16
124220	ZG16B
11244	ZHX1
22882	ZHX2
23051	ZHX3
7546	ZIC2
85416	ZIC5
7586	ZKSCAN1
342357	ZKSCAN2
80317	ZKSCAN3
387032	ZKSCAN4
23660	ZKSCAN5
55888	ZKSCAN7
7745	ZKSCAN8
153527	ZMAT2
64393	ZMAT3
79698	ZMAT4
51364	ZMYND10
10771	ZMYND11
116225	ZMYND19
23613	ZMYND8
163227	ZNF100
7559	ZNF12
7690	ZNF131
7692	ZNF133
7700	ZNF141
7702	ZNF143
7707	ZNF148
7564	ZNF16
7718	ZNF165
169841	ZNF169
7727	ZNF174
339318	ZNF181
7738	ZNF184
7743	ZNF189
7567	ZNF19
10168	ZNF197
7752	ZNF200
7753	ZNF202
7755	ZNF205
7756	ZNF207
7757	ZNF208
7988	ZNF212
7760	ZNF213
7761	ZNF214
7762	ZNF215
7764	ZNF217
7571	ZNF23
7572	ZNF24
58500	ZNF250
90987	ZNF251
9534	ZNF254
113835	ZNF257
10127	ZNF263
10308	ZNF267
92822	ZNF276
11179	ZNF277
54816	ZNF280D
8427	ZNF282
7551	ZNF3
90075	ZNF30
55900	ZNF302
282890	ZNF311
57567	ZNF319
79692	ZNF322
27309	ZNF330
55713	ZNF334
63925	ZNF335
26152	ZNF337
80778	ZNF34
84905	ZNF341
79175	ZNF343
7584	ZNF35
195828	ZNF367
79750	ZNF385D
346157	ZNF391
84124	ZNF394
55893	ZNF395
252884	ZNF396
84307	ZNF397
57541	ZNF398
23090	ZNF423
155054	ZNF425
353088	ZNF429
7594	ZNF43
170959	ZNF431
220929	ZNF438
353274	ZNF445
26036	ZNF451
168544	ZNF467
84627	ZNF469
197407	ZNF48
158399	ZNF483
83744	ZNF484
57615	ZNF492
284443	ZNF493
26048	ZNF500
115560	ZNF501
91392	ZNF502
22847	ZNF507
22869	ZNF510
340385	ZNF517
85460	ZNF518B
162655	ZNF519
25925	ZNF521
9745	ZNF536
137209	ZNF572
51385	ZNF589
9640	ZNF592
152687	ZNF595
169270	ZNF596
146434	ZNF597
148103	ZNF599
57507	ZNF608
23060	ZNF609
114991	ZNF618
285267	ZNF619
253639	ZNF620
285268	ZNF621
90441	ZNF622
9831	ZNF623
57547	ZNF624
23361	ZNF629
51193	ZNF639
9726	ZNF646
55279	ZNF654
79027	ZNF655
26149	ZNF658
285349	ZNF660
389114	ZNF662
79759	ZNF668
171392	ZNF675
163223	ZNF676
148213	ZNF681
146542	ZNF688
115509	ZNF689
79943	ZNF696
7553	ZNF7
80139	ZNF703
619279	ZNF704
100132396	ZNF705B
728957	ZNF705D
100131980	ZNF705G
51123	ZNF706
286075	ZNF707
7562	ZNF708
374655	ZNF710
148206	ZNF714
100131827	ZNF717
255403	ZNF718
170960	ZNF721
730087	ZNF726
388523	ZNF728
100287226	ZNF729
100129543	ZNF730
654254	ZNF732
148203	ZNF738
155061	ZNF746
65988	ZNF747
7627	ZNF75A
7629	ZNF76
92595	ZNF764
79724	ZNF768
51333	ZNF771
342132	ZNF774
285971	ZNF775
27153	ZNF777
197320	ZNF778
158431	ZNF782
100289678	ZNF783
146540	ZNF785
136051	ZNF786
285989	ZNF789
7633	ZNF79
126375	ZNF792
7634	ZNF80
168850	ZNF800
219578	ZNF804B
55565	ZNF821
152485	ZNF827
91603	ZNF830
128611	ZNF831
283933	ZNF843
285346	ZNF852
54753	ZNF853
344787	ZNF860
643641	ZNF862
169834	ZNF883
7644	ZNF91
148198	ZNF98
7652	ZNF99
57169	ZNFX1
10467	ZNHIT1
741	ZNHIT2
9326	ZNHIT3
84937	ZNRF1
223082	ZNRF2
22917	ZP1
7783	ZP2
131368	ZPLD1
84891	ZSCAN10
9753	ZSCAN12
80345	ZSCAN16
54993	ZSCAN2
7589	ZSCAN21
222696	ZSCAN23
221785	ZSCAN25
100101467	ZSCAN30
64288	ZSCAN31
54925	ZSCAN32
7746	ZSCAN9
90204	ZSWIM1
140831	ZSWIM3
57688	ZSWIM6
9183	ZW10
55055	ZWILCH
79364	ZXDC
7791	ZYX
